"HITId","HITTypeId","Title","Description","Keywords","Reward","CreationTime","MaxAssignments","RequesterAnnotation","AssignmentDurationInSeconds","AutoApprovalDelayInSeconds","Expiration","NumberOfSimilarHITs","LifetimeInSeconds","AssignmentId","WorkerId","AssignmentStatus","AcceptTime","SubmitTime","AutoApprovalTime","ApprovalTime","RejectionTime","RequesterFeedback","WorkTimeInSeconds","LifetimeApprovalRate","Last30DaysApprovalRate","Last7DaysApprovalRate","Input.InputID1","Input.InputID2","Input.InputID3","Input.InputID4","Input.InputID5","Input.s1","Input.s2","Input.s3","Input.s4","Input.s5","Input.m1","Input.m2","Input.m3","Input.m4","Input.m5","Answer.taskAnswers","Approve","Reject"
"3R16PJFTS34BTB82N9A6Y9T4SR8K40","3ES1UQ6TFXZM7YN976SJJJGAS52LM6","Chinese ultra-fine entity typing (short sentences)","annotate entity types for labeled mentions","entity, named entity, type, typing, text, mention, nlp, natural language processing","$0.10","Wed Sep 25 10:12:11 PDT 2019","5","BatchId:251856;OriginalHitTemplateId:921587277;","1800","259200","Wed Oct 02 10:12:11 PDT 2019","","","3A4TN5196LVQ99I306JTSZLGXRTHCY","A17M0TDPXYYJEJ","Submitted","Wed Sep 25 23:24:53 PDT 2019","Wed Sep 25 23:29:27 PDT 2019","Sat Sep 28 23:29:27 PDT 2019","","","","274","0% (0/0)","0% (0/0)","0% (0/0)","17525","1322","10560","6393","30820","作为<mark>中国</mark>唯一一家拥有33年品牌发展史的以洗衣机为主业的家电企业，小天鹅一直是中国市场上“洗衣机”的代名词，苛求品质、专注专业是企业的发展基因，“全心全意小天鹅”更是从80年代起便见证了两代中国消费群体的成长和发展","中华全国总工会副主席陈豪对<mark>江苏</mark>与台湾工会和劳工间的交流给予高度评价，认为此次研讨会为两岸企业不断达成创建和谐企业文化共识提供了良好平台","1970年代末，我去美国念书，也开始接触到内地同学，那个时候我写了小说《岛和大陆》，不同地方<mark>中国</mark>人的故事","杨丽华便立即找一个空位置让<mark>她</mark>躺下，尽力安慰，精心服务，使日本客人安全舒适地到达目的地","据悉，这已是<mark>美的</mark>冰箱连续两年荣膺该奖项","中国","江苏","中国","她","美的","[{""33"":{""on"":true},""FineTypeA0"":""country"",""FineTypeA1"":""location"",""FineTypeA2"":""country"",""FineTypeA3"":""female"",""FineTypeA4"":""electronics company"",""FineTypeB0"":""location"",""FineTypeB1"":""province"",""FineTypeB2"":""location"",""FineTypeB3"":""guest"",""FineTypeB4"":""brand"",""NA0"":{""on"":false},""NA1"":{""on"":false},""NA2"":{""on"":false},""NA3"":{""on"":false},""NA4"":{""on"":false}}]"
"3ATYLI1PRTFKMKC2O8P3BSZWUT8OJF","3ES1UQ6TFXZM7YN976SJJJGAS52LM6","Chinese ultra-fine entity typing (short sentences)","annotate entity types for labeled mentions","entity, named entity, type, typing, text, mention, nlp, natural language processing","$0.10","Wed Sep 25 10:12:11 PDT 2019","5","BatchId:251856;OriginalHitTemplateId:921587277;","1800","259200","Wed Oct 02 10:12:11 PDT 2019","","","3U5NZHP4LSF93YR75B5ZCZKNWA8PHK","AJX63PC8TFQPZ","Submitted","Wed Sep 25 23:33:26 PDT 2019","Wed Sep 25 23:36:47 PDT 2019","Sat Sep 28 23:36:47 PDT 2019","","","","201","0% (0/0)","0% (0/0)","0% (0/0)","38438","16786","7094","39970","41558","任岩松中学原属<mark>瑞安市</mark>，2001年随丽岙镇划给瓯海区","\n\n 　 \n\n    新华社莫斯科10月15日电  俄罗斯总统<mark>梅德韦杰夫</mark>15日与民众代表交流时说，必须根本改革国家管理体制，统一俄罗斯党一旦在国家杜马（议会下院）选举中获胜，将组建更具包容性的“大政府”，在政府框架下吸纳各种政治和社会力量代表组成各种委员会","按彝族的风俗，结了婚就不能再唱了，今天载着<mark>我们</mark>这些从远方来的崇拜者，又是在湖心里，大概不会惹得未婚姑娘们误会，所以才敢放开歌喉一唱为快","而在无线支付总金额比去年增长546％的情况下，拉萨、西藏林芝地区、<mark>四川</mark>南充成为手机支付金额最多的地区","二、中非共和国政府承认<mark>联合国</mark>大会于1971年通过的第2758号决议的现实意义和有效性，承认世界上只有一个中国，中华人民共和国政府是代表全中国的唯一合法政府，台湾是中华人民共和国的一个省","瑞安市","梅德韦杰夫","我们","四川","联合国","[{""33"":{""on"":true},""FineTypeA0"":""city"",""FineTypeA1"":""president"",""FineTypeA2"":""admirer"",""FineTypeA3"":""province"",""FineTypeA4"":""organization"",""FineTypeB0"":""location"",""FineTypeB1"":""politician"",""FineTypeB2"":""group"",""FineTypeB3"":""location"",""FineTypeB4"":""international organization"",""NA0"":{""on"":false},""NA1"":{""on"":false},""NA2"":{""on"":false},""NA3"":{""on"":false},""NA4"":{""on"":false}}]"
"3BCRDCM0OD7P8YCG6X3LV7DIOIEK6L","3ES1UQ6TFXZM7YN976SJJJGAS52LM6","Chinese ultra-fine entity typing (short sentences)","annotate entity types for labeled mentions","entity, named entity, type, typing, text, mention, nlp, natural language processing","$0.10","Wed Sep 25 10:12:11 PDT 2019","5","BatchId:251856;OriginalHitTemplateId:921587277;","1800","259200","Wed Oct 02 10:12:11 PDT 2019","","","35LDD5557BHUKLV2JGG48N6KJM1KMN","AJX63PC8TFQPZ","Submitted","Wed Sep 25 23:52:56 PDT 2019","Wed Sep 25 23:54:28 PDT 2019","Sat Sep 28 23:54:28 PDT 2019","","","","92","0% (0/0)","0% (0/0)","0% (0/0)","10216","3210","34024","27570","26086","上排左起：孙毅、<mark>尚秀云</mark>、杨艺文、王振林、谭竹青。","因此，<mark>白沙窑</mark>可能是指定烧造砖瓦服务于当时扬州城的修筑","2002年10月，日本曾尝试植入广告来换取通话时间的方式，但昨天，NTT经营企划部新闻处的负责人<mark>佐仓裕之</mark>表示，现在带有无线wifi的新式电话亭正有望提供新的出路","<mark>俄国</mark>老毛子不懂“惶愧力辞”的传统中国文化，竟然以去就力争，声言蒋如不就，他也不愿意担任顾问，大有同进退之意","腾讯汽车 （微博) 讯，近日腾讯购车编辑从武汉地区 北京现代 4S店了解到，<mark>第八代索纳塔</mark>在武汉有现车销售","尚秀云","白沙窑","佐仓裕之","俄国","第八代索纳塔","[{""33"":{""on"":true},""FineTypeA1"":""construction"",""FineTypeA2"":""director"",""FineTypeA3"":""country"",""FineTypeA4"":""model"",""FineTypeB1"":""factory"",""FineTypeB2"":""manager"",""FineTypeB3"":""area"",""FineTypeB4"":""product"",""NA0"":{""on"":true},""NA1"":{""on"":false},""NA2"":{""on"":false},""NA3"":{""on"":false},""NA4"":{""on"":false}}]"
"3EQVJH0T40Y486MKWP8HTPP4G9LTH1","3ES1UQ6TFXZM7YN976SJJJGAS52LM6","Chinese ultra-fine entity typing (short sentences)","annotate entity types for labeled mentions","entity, named entity, type, typing, text, mention, nlp, natural language processing","$0.10","Wed Sep 25 10:13:04 PDT 2019","5","BatchId:251856;OriginalHitTemplateId:921587277;","1800","259200","Wed Oct 02 10:13:04 PDT 2019","","","3K772S5NP9O5672HWXPOINLJI36HER","AJX63PC8TFQPZ","Submitted","Wed Sep 25 23:31:49 PDT 2019","Wed Sep 25 23:33:26 PDT 2019","Sat Sep 28 23:33:26 PDT 2019","","","","97","0% (0/0)","0% (0/0)","0% (0/0)","22078","7478","27584","15174","1050","夏威因患扁桃腺炎，遇事不发表意见，而第四集团军政务处长潘宜之也附和胡宗铎的意见，军事解决<mark>鲁涤平</mark>的决策就在这种情况下成为定论了","这一消息经北京电视台报道后，为了弄清该洞的秘密，去年5月，他们邀请中科院史前考古学家黄万波教授到<mark>涉县</mark>进行实地考察","<mark>蒋介石</mark>阅读《新青年》始于1919年，至1926年，在他的日记中不断出现有关记载","今天，该项目的产品化工作在<mark>清华大学</mark>通过了专家委员会的审定","因此，应当制定一套有<mark>自己</mark>文明特色，又同非自身文明能相互作用、积极抗衡的文化和文明发展战略","鲁涤平","涉县","蒋介石","清华大学","自己","[{""33"":{""on"":true},""FineTypeA0"":""person"",""FineTypeA1"":""county"",""FineTypeA2"":""president"",""FineTypeA3"":""university"",""FineTypeB0"":""target"",""FineTypeB1"":""location"",""FineTypeB2"":""reader"",""FineTypeB3"":""school"",""NA0"":{""on"":false},""NA1"":{""on"":false},""NA2"":{""on"":false},""NA3"":{""on"":false},""NA4"":{""on"":true}}]"
"3UEDKCTP9V38CYQLP78D1LDEJTYK7K","3ES1UQ6TFXZM7YN976SJJJGAS52LM6","Chinese ultra-fine entity typing (short sentences)","annotate entity types for labeled mentions","entity, named entity, type, typing, text, mention, nlp, natural language processing","$0.10","Wed Sep 25 10:12:20 PDT 2019","5","BatchId:251856;OriginalHitTemplateId:921587277;","1800","259200","Wed Oct 02 10:12:20 PDT 2019","","","3DIP6YHAPD5CDW1OTTVI5ASKFKGE89","AJX63PC8TFQPZ","Submitted","Wed Sep 25 22:56:46 PDT 2019","Wed Sep 25 22:59:57 PDT 2019","Sat Sep 28 22:59:57 PDT 2019","","","","191","0% (0/0)","0% (0/0)","0% (0/0)","39073","37025","32392","12560","5736","我参与了@三星电子发起的投票【中超联赛榜样投票十七期】，我投给了""赵和靖—<mark>大连阿尔滨</mark>""这个选项","这些人这样做的理由只有一条，就是因为邱娥国是“全国一级劳模”，因为<mark>他</mark>不计私利地为众多普通老百姓排过忧解过难!","泽鲁阿勒就日前中国张家口地区发生地震请钱其琛向中国政府和人民转达<mark>他</mark>的慰问","8：20一路上，三位老师沿着姐弟俩上学的路，排除了交通事故的可能性，赶到<mark>清莲里</mark>后，分头寻找住址","[导读]2011第十届<mark>南京</mark>车展将于9月29日拉开帷幕，本次车展将与江苏新能源车展联袂展出，全面展示江苏省新能源汽车的产业状况","大连阿尔滨","他","他","清莲里","南京","[{""33"":{""on"":true},""FineTypeA0"":""location"",""FineTypeA1"":""model"",""FineTypeA2"":""person"",""FineTypeA3"":""town"",""FineTypeA4"":""city"",""FineTypeB0"":""area"",""FineTypeB1"":""helper"",""FineTypeB3"":""location"",""FineTypeB4"":""area"",""NA0"":{""on"":false},""NA1"":{""on"":false},""NA2"":{""on"":true},""NA3"":{""on"":false},""NA4"":{""on"":false}}]"
"3H1C3QRA01WB2FT7K25LJCSN07TCEL","3ES1UQ6TFXZM7YN976SJJJGAS52LM6","Chinese ultra-fine entity typing (short sentences)","annotate entity types for labeled mentions","entity, named entity, type, typing, text, mention, nlp, natural language processing","$0.10","Wed Sep 25 10:12:20 PDT 2019","5","BatchId:251856;OriginalHitTemplateId:921587277;","1800","259200","Wed Oct 02 10:12:20 PDT 2019","","","3ZSY5X72NYO47ST9MG4E13H39EAORZ","AJX63PC8TFQPZ","Submitted","Wed Sep 25 22:47:17 PDT 2019","Wed Sep 25 22:49:26 PDT 2019","Sat Sep 28 22:49:26 PDT 2019","","","","129","0% (0/0)","0% (0/0)","0% (0/0)","39660","35899","21486","32234","37502","湖人当家球星<mark>科比- 布莱恩 特</mark>认为他们能战胜梦一，他的那番豪言壮语近几天遭到了梦一队众名宿的联合反击，今天一天之内，公牛王朝功臣斯科蒂-皮蓬两次回应科比，他的观点很明确，梦十赢梦一是不可能的","为保证以上要求的落实，国家旅游局将加大检查力度，并提出：对示范单位违反上述要求的，可直接向<mark>国家旅游局</mark>举报。","百度和前程无忧（51job）联合发布了<mark>《中国互联网营销职业发展白皮书》</mark>报告，首次用客观数据清晰描绘出了中国互联网营销行业的岗位需求现状","<mark>芬兰</mark>人酷爱桑拿，许多社会活动都离不开桑拿，比如交朋友、谈生意，而圣诞夜洗桑拿浴，又似有特别的意义：让那９０摄氏度的高温将一年来身上积聚的晦气和不快，通过汗水蒸发掉，祈望来年好运。","<mark>加州</mark>州长威尔逊在宴会上致辞，对江主席访问洛杉矶表示欢迎。","科比- 布莱恩 特","国家旅游局","《中国互联网营销职业发展白皮书》","芬兰","加州","[{""33"":{""on"":true},""FineTypeA0"":""basketball_player"",""FineTypeA1"":""department"",""FineTypeA2"":""report"",""FineTypeA3"":""country"",""FineTypeA4"":""state"",""FineTypeB0"":""star player"",""FineTypeB1"":""government sector"",""FineTypeB2"":""book"",""FineTypeB3"":""nation"",""FineTypeB4"":""local_government"",""NA0"":{""on"":false},""NA1"":{""on"":false},""NA2"":{""on"":false},""NA3"":{""on"":false},""NA4"":{""on"":false}}]"
"3NSM4HLQNR74TJTVYB1GXY6INPIQQG","3ES1UQ6TFXZM7YN976SJJJGAS52LM6","Chinese ultra-fine entity typing (short sentences)","annotate entity types for labeled mentions","entity, named entity, type, typing, text, mention, nlp, natural language processing","$0.10","Wed Sep 25 10:12:28 PDT 2019","5","BatchId:251856;OriginalHitTemplateId:921587277;","1800","259200","Wed Oct 02 10:12:28 PDT 2019","","","3KV0LJBBH3YG7P8X90P19ZSYEEVMRI","AJX63PC8TFQPZ","Submitted","Wed Sep 25 23:30:10 PDT 2019","Wed Sep 25 23:31:48 PDT 2019","Sat Sep 28 23:31:48 PDT 2019","","","","98","0% (0/0)","0% (0/0)","0% (0/0)","31961","19515","21930","19934","34462","点击<mark>“新闻热点”</mark>页面，网页打开速度明显变慢","据<mark>新华社</mark>曼谷1月13日电泰国中央银行今天公布的初步统计结果显示，1997年泰国经常项目赤字为34亿美元，占其国内生产总值的2·1%，明显低于1996年和国际货币基金组织向泰国提供贷款援助的条件所规定的水平","<mark>扎琳娜</mark>告诉我，奶奶年轻时也十分漂亮，也梦想着走上银幕，同样遭到父母的坚决反对。","众所周知，台湾普通民众一直被当年夸大和丑化大陆问题的意识形态左右，在没有真实了解大陆政策之前看大陆可能是有色的，加之<mark>台</mark>独和国际反华势力的鼓噪和分化，主流民意被人为分解是个令人头疼的问题","（作者单位：<mark>湖南省</mark>人民政府）","“新闻热点”","新华社","扎琳娜","台","湖南省","[{""33"":{""on"":true},""FineTypeA0"":""webpage"",""FineTypeA1"":""media company"",""FineTypeA2"":""woman"",""FineTypeA3"":""country"",""FineTypeA4"":""province"",""FineTypeB0"":""page"",""FineTypeB1"":""new company"",""FineTypeB2"":""speaker"",""FineTypeB3"":""government"",""FineTypeB4"":""location"",""NA0"":{""on"":false},""NA1"":{""on"":false},""NA2"":{""on"":false},""NA3"":{""on"":false},""NA4"":{""on"":false}}]"
"3MXX6RQ9EVIC425I01FEUQF3M1EP46","3ES1UQ6TFXZM7YN976SJJJGAS52LM6","Chinese ultra-fine entity typing (short sentences)","annotate entity types for labeled mentions","entity, named entity, type, typing, text, mention, nlp, natural language processing","$0.10","Wed Sep 25 10:13:09 PDT 2019","5","BatchId:251856;OriginalHitTemplateId:921587277;","1800","259200","Wed Oct 02 10:13:09 PDT 2019","","","3RGU30DZTBLZ91PK1VGS78674X1JMN","AJX63PC8TFQPZ","Submitted","Wed Sep 25 22:46:05 PDT 2019","Wed Sep 25 22:47:16 PDT 2019","Sat Sep 28 22:47:16 PDT 2019","","","","71","0% (0/0)","0% (0/0)","0% (0/0)","4246","17618","9967","1338","22269","中储粮是<mark>中央政府</mark>为稳定粮食价格而组建的市场企业主体，承担着稳定粮食市场的基本职能","”解放战争时期，<mark>他</mark>在《我军十大军事原则及敌军可能的对策》中，对毛泽东总结概括的十大军事原则作了阐释和发挥，提出:“正规战与游击战相配合，野战军与地方军相呼应，正规军与民兵相配合","文章摘自 《蒋介石与现代中国》 作者： [美国]<mark>陶涵</mark>　 出版社： 中信出版社 本书简介：一九四九年两岸分治，此后蒋介石的历史评价始终摆脱不掉“丢掉中国的人”","这温州来鸿，仿佛是有意为<mark>我</mark>的这篇短文提供明证","很偶然的，台北的<mark>杨照</mark>、香港的马家辉、深圳的胡洪侠相互认识了，很凑巧，他们都生于1963年","中央政府","他","陶涵","我","杨照","[{""33"":{""on"":true},""FineTypeA0"":""government"",""FineTypeA1"":""author"",""FineTypeA2"":""author"",""FineTypeA3"":""person"",""FineTypeA4"":""person"",""FineTypeB0"":""administrator"",""FineTypeB1"":""person"",""FineTypeB2"":""person"",""FineTypeB3"":""author"",""FineTypeB4"":""adult"",""NA0"":{""on"":false},""NA1"":{""on"":false},""NA2"":{""on"":false},""NA3"":{""on"":false},""NA4"":{""on"":false}}]"
"3J6BHNX0U95XFJI85EP2XIZ4J83KNV","3ES1UQ6TFXZM7YN976SJJJGAS52LM6","Chinese ultra-fine entity typing (short sentences)","annotate entity types for labeled mentions","entity, named entity, type, typing, text, mention, nlp, natural language processing","$0.10","Wed Sep 25 10:13:45 PDT 2019","5","BatchId:251856;OriginalHitTemplateId:921587277;","1800","259200","Wed Oct 02 10:13:45 PDT 2019","","","3PMBY0YE28GXU30K2UV1FINSEELC93","AJX63PC8TFQPZ","Submitted","Wed Sep 25 23:05:07 PDT 2019","Wed Sep 25 23:06:48 PDT 2019","Sat Sep 28 23:06:48 PDT 2019","","","","101","0% (0/0)","0% (0/0)","0% (0/0)","35622","33279","34559","11232","15267","在<mark>欧洲</mark>EURO-NCAP碰撞测试当中那个，新奥拓获得了三星安全评价","解说：十年前张高平叔侄两人做运输生意，2003年5月18日的晚上，他们驾驶一辆货车从歙县出发去上海送货，经过他人的介绍，同县的一名17岁的小姑娘王某搭乘他们的车去<mark>杭州</mark>，然而王某却在此日被人杀害，他的尸体在杭州市西湖区的一个水沟里被人发现，全身赤裸，之后张高平叔侄两人被认定为强奸王某的犯罪嫌疑人，5月23日，他们被杭州市警方刑事去留","就是靠着乞讨、救济，从<mark>哈尔滨</mark>走到宁夏银川，最后在银川安定下来","可又没人领着干，<mark>我们</mark>自己也不会干","”(杨天石<mark>《寻求历史的谜底》</mark>，第469页)于是鲍罗廷大力动员蒋出任国民革命军的总司令","欧洲","杭州","哈尔滨","我们","《寻求历史的谜底》","[{""33"":{""on"":true},""FineTypeA0"":""area"",""FineTypeA1"":""city"",""FineTypeA2"":""city"",""FineTypeA3"":""group"",""FineTypeA4"":""book"",""FineTypeB0"":""zone"",""FineTypeB1"":""location"",""FineTypeB2"":""location"",""FineTypeB4"":""publication"",""NA0"":{""on"":false},""NA1"":{""on"":false},""NA2"":{""on"":false},""NA3"":{""on"":true},""NA4"":{""on"":false}}]"
"3PEG1BH7AE4VEATB2OKT6NZA2JPKB6","3ES1UQ6TFXZM7YN976SJJJGAS52LM6","Chinese ultra-fine entity typing (short sentences)","annotate entity types for labeled mentions","entity, named entity, type, typing, text, mention, nlp, natural language processing","$0.10","Wed Sep 25 10:12:34 PDT 2019","5","BatchId:251856;OriginalHitTemplateId:921587277;","1800","259200","Wed Oct 02 10:12:34 PDT 2019","","","3HFNH7HEMIRG3EXBLI26R4YWM6HGQ3","AJX63PC8TFQPZ","Submitted","Wed Sep 25 22:42:05 PDT 2019","Wed Sep 25 22:42:53 PDT 2019","Sat Sep 28 22:42:53 PDT 2019","","","","48","0% (0/0)","0% (0/0)","0% (0/0)","32096","35482","25143","336","33315","大面积的镀铬横幅中网设计，虽然很粗狂，但是并没有表现出凶狠，而且，镀铬装饰有点过多，海外版本308的那种野性没有留下多少；前大灯的设计还是走的<mark>307</mark>的风格，也是熏黑的叶形设计，不过更加的狭长，且向后延伸的更远，这也比307的设计更加犀利和运动了；雾灯也是采用了柳叶形的设计，我想这是为了和那大灯相互应吧","说老实话，红薯<mark>我</mark>吃得不少，千种万种我都吃过，但那的确是在吃，是当饭一样狼吞虎咽地吃","我们希望<mark>日本</mark>政府和人民能够排除干扰，继续走和平的道路。","国务院副总理兼外长钱其琛、<mark>对外贸易经济合作部</mark>部长吴仪、特别助理滕文生、中国驻墨西哥大使沈允熬、外交部副部长李肇星、特别助理由喜贵出席演讲会。","thediscovery<mark>of</mark>Americasby7000B.C.”)","307","我","日本","对外贸易经济合作部","of","[{""33"":{""on"":true},""FineTypeA0"":""model"",""FineTypeA1"":""person"",""FineTypeA2"":""country"",""FineTypeA3"":""department"",""FineTypeB0"":""car"",""FineTypeB1"":""speaker"",""FineTypeB2"":""government"",""FineTypeB3"":""sector"",""NA0"":{""on"":false},""NA1"":{""on"":false},""NA2"":{""on"":false},""NA3"":{""on"":false},""NA4"":{""on"":true}}]"
"3KVQ0UJWPXYKKU6JQSCJRCTDFUCW5D","3ES1UQ6TFXZM7YN976SJJJGAS52LM6","Chinese ultra-fine entity typing (short sentences)","annotate entity types for labeled mentions","entity, named entity, type, typing, text, mention, nlp, natural language processing","$0.10","Wed Sep 25 10:13:12 PDT 2019","5","BatchId:251856;OriginalHitTemplateId:921587277;","1800","259200","Wed Oct 02 10:13:12 PDT 2019","","","3BEFOD78W7696J6ZYOTO16HOM0BM4Z","AJX63PC8TFQPZ","Submitted","Wed Sep 25 22:42:53 PDT 2019","Wed Sep 25 22:44:35 PDT 2019","Sat Sep 28 22:44:35 PDT 2019","","","","102","0% (0/0)","0% (0/0)","0% (0/0)","21886","41492","32374","32085","7682","据新华社北京一月二十六日电(记者张荣典)中央军委<mark>副主席</mark>张万年今天下午在这里会见了俄罗斯联邦军事总监、国防会议秘书安德烈·科科申一行","武鸣县人民医院重症医学科主任龚冀荣告诉记者，<mark>简永誉</mark>送进医院时已经昏迷不醒，没有呼吸，心跳非常微弱，医疗的参数，包括血压也非常差","太平洋亚洲旅行协会成立于１９５２年，是具有广泛代表性和影响力的民间国际旅游组织，以促进<mark>亚太</mark>地区旅游业发展为宗旨，在整个亚太地区以至世界的旅游开发、宣传、培训和合作等方面发挥着重要作用，受到该地区旅游业界的普遍重视。","值得告慰读者的是，1998年1月1日，英文标题新闻出现在人民日报网络版上;而且，在<mark>邮电部</mark>和北京电信管理局的大力支持下，即将有一条2兆的专线为人民日报网络版传送信息，届时海外读者将会在更短的时间里调阅到人民日报网络版的最新信息","最后，<mark>大家</mark>你1元我1元又为乔明凑了200多元","副主席","简永誉","亚太","邮电部","大家","[{""33"":{""on"":true},""FineTypeA0"":""chairman"",""FineTypeA1"":""person"",""FineTypeA2"":""area"",""FineTypeA3"":""department"",""FineTypeA4"":""group"",""FineTypeB0"":""politician"",""FineTypeB1"":""patient"",""FineTypeB2"":""zone"",""FineTypeB3"":""government sector"",""FineTypeB4"":""lender"",""NA0"":{""on"":false},""NA1"":{""on"":false},""NA2"":{""on"":false},""NA3"":{""on"":false},""NA4"":{""on"":false}}]"
"3EPG8DX9LK3U0L9IE6YOZILHMX9P5B","3ES1UQ6TFXZM7YN976SJJJGAS52LM6","Chinese ultra-fine entity typing (short sentences)","annotate entity types for labeled mentions","entity, named entity, type, typing, text, mention, nlp, natural language processing","$0.10","Wed Sep 25 10:13:12 PDT 2019","5","BatchId:251856;OriginalHitTemplateId:921587277;","1800","259200","Wed Oct 02 10:13:12 PDT 2019","","","3QJOXOW4XK4RYL3SNU51ASTFZP5EMX","AJX63PC8TFQPZ","Submitted","Wed Sep 25 23:08:21 PDT 2019","Wed Sep 25 23:10:23 PDT 2019","Sat Sep 28 23:10:23 PDT 2019","","","","122","0% (0/0)","0% (0/0)","0% (0/0)","6597","7143","15195","16163","32879","他仔细询问了货源的供应、商品价格、质量等问题，并同顾客交谈，征询<mark>他们</mark>的意见","同时，<mark>河北省见义勇为基金会</mark>为安志伟家属送来1万元慰问金，承德市见义勇为协会送来5000元慰问金","给力<mark>木古屋</mark>新款书包中学生双肩包背包女式韩版潮帆布电脑包旅行包W325http://t.cn/8sScPRP","<mark>亚马逊</mark>的这一行动还引发了一连串的问题：云存储器和云播放器会提升亚马逊在数字音乐市场中的地位，并使其与在市场中居于统治地位的苹果iTunes展开更有效的竞争吗","刘诗雯迎战卡塔尔选手<mark>阿尔-阿巴里</mark>","他们","河北省见义勇为基金会","木古屋","亚马逊","阿尔-阿巴里","[{""33"":{""on"":true},""FineTypeA0"":""customer"",""FineTypeA1"":""foundation"",""FineTypeA2"":""brand"",""FineTypeA3"":""technology company"",""FineTypeA4"":""athlete"",""FineTypeB0"":""group"",""FineTypeB1"":""charity"",""FineTypeB2"":""company"",""FineTypeB3"":""corporation"",""FineTypeB4"":""competitor"",""NA0"":{""on"":false},""NA1"":{""on"":false},""NA2"":{""on"":false},""NA3"":{""on"":false},""NA4"":{""on"":false}}]"
"3LOJFQ4BOXSOT7RVGKBZ1DNA541KDD","3ES1UQ6TFXZM7YN976SJJJGAS52LM6","Chinese ultra-fine entity typing (short sentences)","annotate entity types for labeled mentions","entity, named entity, type, typing, text, mention, nlp, natural language processing","$0.10","Wed Sep 25 10:12:38 PDT 2019","5","BatchId:251856;OriginalHitTemplateId:921587277;","1800","259200","Wed Oct 02 10:12:38 PDT 2019","","","3ZPBJO59KQE0E1OH02E4C53YIR5HDY","AJX63PC8TFQPZ","Submitted","Wed Sep 25 23:28:22 PDT 2019","Wed Sep 25 23:30:09 PDT 2019","Sat Sep 28 23:30:09 PDT 2019","","","","107","0% (0/0)","0% (0/0)","0% (0/0)","18014","14064","8539","19260","41451","在这份获奖名单中，<mark>江苏</mark>共有11名运动员入选，分别是陈金、成淑、王适娴、杨曾、刘利平、张华、唐建、王磊、巫叶秋胤、周溢和邱挑","正巧，那是侯七雄出了邀请QQ好友那个活动，我们班很多男生都在玩，他们都进媛(他，她太多，怕大家弄不清楚，就直接上她名字的一个字吧)的盟，那时，突然体会到，为何当年<mark>周幽王</mark> 烽火戏诸侯只为美人一笑了!唉~我们班的人怎么都像花痴一样!~我同学都加她的盟，她也没反对，也没说话","本报讯深圳先科电子有限公司努力提高产品质量，该公司生产的<mark>VCD</mark>视盘机最近通过电子工业部优等品检测","浙江在线杭州2月29日讯(首席记者 童俊 通讯员 顾瀚隽) 29日早上7时22分，杭州市余杭区公安分局110指挥中心接到黄湖镇的葛女士报警，称丈夫<mark>翁某</mark>昨晚在旅馆值班时，被人打昏，头上都是血，目前丈夫在医院昏迷，生命垂危","安全飞行40年的优秀飞行员李淡行是首航机长，当我们问起那次首航尼泊尔的情景时，他十分兴奋地说:为了开辟这条全世界独一无二的国际航线，<mark>我们</mark>配备了双机长，挑选了最优秀的机务、通讯、领航人员，足足准备了几个月时间","江苏","周幽王","VCD","翁某","我们","[{""33"":{""on"":true},""FineTypeA0"":""province"",""FineTypeA1"":""king"",""FineTypeA2"":""technology"",""FineTypeA3"":""victim"",""FineTypeA4"":""company"",""FineTypeB0"":""location"",""FineTypeB1"":""emperor"",""FineTypeB2"":""technology standard"",""FineTypeB3"":""wounded"",""FineTypeB4"":""airline"",""NA0"":{""on"":false},""NA1"":{""on"":false},""NA2"":{""on"":false},""NA3"":{""on"":false},""NA4"":{""on"":false}}]"
"35U0MRQMUJKTDFCW5X3MEGAQPGFOV0","3ES1UQ6TFXZM7YN976SJJJGAS52LM6","Chinese ultra-fine entity typing (short sentences)","annotate entity types for labeled mentions","entity, named entity, type, typing, text, mention, nlp, natural language processing","$0.10","Wed Sep 25 10:12:42 PDT 2019","5","BatchId:251856;OriginalHitTemplateId:921587277;","1800","259200","Wed Oct 02 10:12:42 PDT 2019","","","351SEKWQS1UM6FPSRZUH4ABUZD4MDC","AJX63PC8TFQPZ","Submitted","Wed Sep 25 22:59:57 PDT 2019","Wed Sep 25 23:05:07 PDT 2019","Sat Sep 28 23:05:07 PDT 2019","","","","310","0% (0/0)","0% (0/0)","0% (0/0)","11636","39516","40505","24266","35931","我时常驻足她的身旁，想读懂<mark>她</mark>的昨天、今天和明天","此外，<mark>亚马逊中国</mark>已被网购导航比购宝(Boogle.cn)搜录，作为一个第三方平台，我们会更好的对电商企业进行监督","他说，重温主席重要讲话的精神，联系实际，使<mark>我们</mark>更深切地感受到讲话的重要性和指导意义","云计算将引爆整个移动互联网产业，百度会持续加大对<mark>百度云</mark>的投入，开放技术、运营、流量分发等优势资源，为开发者提供更加开放、完整的生态环境，与开发者共赢移动互联网时代","梁<mark>梁振英</mark>为，无论社会经济大环境如何改变，女性在维系家庭、培育下一代、维持社会稳定等方面，发挥着重要作用","她","亚马逊中国","我们","百度云","梁振英","[{""33"":{""on"":true},""FineTypeA0"":""woman"",""FineTypeA1"":""company"",""FineTypeA2"":""citizen"",""FineTypeA3"":""product"",""FineTypeA4"":""politician"",""FineTypeB0"":""person"",""FineTypeB1"":""branch"",""FineTypeB2"":""listener"",""FineTypeB3"":""service"",""FineTypeB4"":""president"",""NA0"":{""on"":false},""NA1"":{""on"":false},""NA2"":{""on"":false},""NA3"":{""on"":false},""NA4"":{""on"":false}}]"
"3Y3CZJSZ9K6FCYPXRY2D4DLWNFXR55","3ES1UQ6TFXZM7YN976SJJJGAS52LM6","Chinese ultra-fine entity typing (short sentences)","annotate entity types for labeled mentions","entity, named entity, type, typing, text, mention, nlp, natural language processing","$0.10","Wed Sep 25 10:13:12 PDT 2019","5","BatchId:251856;OriginalHitTemplateId:921587277;","1800","259200","Wed Oct 02 10:13:12 PDT 2019","","","3RSDURM96BZRS2S66XTC4NGM8ZJEYN","AJX63PC8TFQPZ","Submitted","Wed Sep 25 23:38:10 PDT 2019","Wed Sep 25 23:52:55 PDT 2019","Sat Sep 28 23:52:55 PDT 2019","","","","885","0% (0/0)","0% (0/0)","0% (0/0)","24426","15418","868","41632","14913","<mark>他们</mark>采取“先开渠，后放水”的办法，把生活服务系统、生产服务系统先后与生产剥离开来，或切块包干，分离经营，或创办实体，自负盈亏，或断粮断奶，脱离母体，使生产要素资源得到合理配置，让每一名职工都找到实现自我价值的最佳位置，把包袱变成了财富","它如同一部厚重的线装古书，你看它的同时，它也向<mark>你</mark>索取，索取你的宗教知识，苛求你的理解能力","再者，机关工作人员的言行代表的是一个机关的形象，往大里说是代表政府的形象，所以更应该严格要求<mark>自己</mark>","给孩子们以无私母爱的<mark>山西省</mark>大同市大同县倍加造镇解庄村村民任桂香；","汉字六书，有其优良传统;但条条均可假借或转注，发挥某种国民劣根性，用以占卜人事吉凶祸福，愚弄他人和<mark>自己</mark>","他们","你","自己","山西省","自己","[{""33"":{""on"":true},""FineTypeA0"":""farmer"",""FineTypeA1"":""person"",""FineTypeA2"":""executive"",""FineTypeA3"":""province"",""FineTypeA4"":""person"",""FineTypeB0"":""manufacturer"",""FineTypeB1"":""reader"",""FineTypeB2"":""staff"",""FineTypeB3"":""area"",""NA0"":{""on"":false},""NA1"":{""on"":false},""NA2"":{""on"":false},""NA3"":{""on"":false},""NA4"":{""on"":true}}]"
"374UMBUHN52DRYB4AXUGIYSO3HGTCS","3ES1UQ6TFXZM7YN976SJJJGAS52LM6","Chinese ultra-fine entity typing (short sentences)","annotate entity types for labeled mentions","entity, named entity, type, typing, text, mention, nlp, natural language processing","$0.10","Wed Sep 25 10:12:46 PDT 2019","5","BatchId:251856;OriginalHitTemplateId:921587277;","1800","259200","Wed Oct 02 10:12:46 PDT 2019","","","3EO896NRAX83MWF4ASH4TM1ZY5XJTO","AJX63PC8TFQPZ","Submitted","Wed Sep 25 22:53:49 PDT 2019","Wed Sep 25 22:56:46 PDT 2019","Sat Sep 28 22:56:46 PDT 2019","","","","177","0% (0/0)","0% (0/0)","0% (0/0)","27756","21429","18309","24417","32751","<mark>中央军委</mark>副主席、国务委员兼国防部长迟浩田上将，中国人民解放军副总参谋长吴铨叙中将等参加了会见","<mark>蒋总</mark>：谢谢深圳车展组委会，谢谢在座的各位媒体朋友，在大家的帮助下，我们K5获得了认知，也取得了一定的销量的业绩","6月8日，石家庄市最后一批小灵通用户发现，使用多年的小灵通号码成了空号，遭遇<mark>联通</mark>公司强制退网","<mark>刁娜</mark>的“勇”让我们看到，血总是热的;刁娜的“舍”让我们明白，爱一直都在","<mark>他</mark>接着分析道:“成本增加，利润下降，生产难以维继，欧洲关闭了不少的钢琴制造企业","中央军委","蒋总","联通","刁娜","他","[{""33"":{""on"":true},""FineTypeA0"":""committee"",""FineTypeA1"":""manager"",""FineTypeA2"":""telephone company"",""FineTypeA3"":""woman"",""FineTypeA4"":""person"",""FineTypeB0"":""group"",""FineTypeB1"":""speaker"",""FineTypeB2"":""telecommunication company"",""FineTypeB3"":""person"",""FineTypeB4"":""analyst"",""NA0"":{""on"":false},""NA1"":{""on"":false},""NA2"":{""on"":false},""NA3"":{""on"":false},""NA4"":{""on"":false}}]"
"3H781YYV6TVSOWVI6O0B8MSROTTTEL","3ES1UQ6TFXZM7YN976SJJJGAS52LM6","Chinese ultra-fine entity typing (short sentences)","annotate entity types for labeled mentions","entity, named entity, type, typing, text, mention, nlp, natural language processing","$0.10","Wed Sep 25 10:12:46 PDT 2019","5","BatchId:251856;OriginalHitTemplateId:921587277;","1800","259200","Wed Oct 02 10:12:46 PDT 2019","","","35LDD5557BHUKLV2JGG48N6KJM1MKP","AJX63PC8TFQPZ","Submitted","Wed Sep 25 23:06:48 PDT 2019","Wed Sep 25 23:08:20 PDT 2019","Sat Sep 28 23:08:20 PDT 2019","","","","92","0% (0/0)","0% (0/0)","0% (0/0)","22088","22104","1157","12733","23916","说刘帅是我军正规化和现代化建设的奠基人之一，<mark>他</mark>是当之无愧的","记者也了解到，傅建中、周龙庚隶属于<mark>桂林安金测控技术有限公司</mark>，该公司从事汽车行车安全技术产品的研发生产，主导产品有“爆胎监测与制动系统（BMBS）”和“爆胎监测与安全提示系统（TPMS+）”，BMBS和TPMS+与TPMS属于同领域关联技术产品","<mark>沃尔玛中国总部</mark>昨天证实，将根据各地实际情况逐步、分批次对部分商场的店外招牌进行调整","（<mark>河北</mark>故城县纪委杨文榜）","浙江在线01月02日讯 昨日是元旦小长假的第一天，市区<mark>五马街</mark>、人民路、江滨路附近的超市、商场、家电卖场、手机卖场，人头攒动","他","桂林安金测控技术有限公司","沃尔玛中国总部","河北","五马街","[{""33"":{""on"":true},""FineTypeA0"":""marshal"",""FineTypeA1"":""limited company"",""FineTypeA2"":""branch"",""FineTypeA3"":""area"",""FineTypeA4"":""street"",""FineTypeB0"":""general"",""FineTypeB1"":""technology company"",""FineTypeB2"":""company"",""FineTypeB3"":""province"",""FineTypeB4"":""lane"",""NA0"":{""on"":false},""NA1"":{""on"":false},""NA2"":{""on"":false},""NA3"":{""on"":false},""NA4"":{""on"":false}}]"
"33EEIIWHK7KWYRPCKAVQ3L5Q4HXQVA","3ES1UQ6TFXZM7YN976SJJJGAS52LM6","Chinese ultra-fine entity typing (short sentences)","annotate entity types for labeled mentions","entity, named entity, type, typing, text, mention, nlp, natural language processing","$0.10","Wed Sep 25 10:12:46 PDT 2019","5","BatchId:251856;OriginalHitTemplateId:921587277;","1800","259200","Wed Oct 02 10:12:46 PDT 2019","","","3VBEN272MLCSGUCODMRBM4DX4U2GSS","AJX63PC8TFQPZ","Submitted","Wed Sep 25 22:49:27 PDT 2019","Wed Sep 25 22:53:48 PDT 2019","Sat Sep 28 22:53:48 PDT 2019","","","","261","0% (0/0)","0% (0/0)","0% (0/0)","12384","22160","14080","15927","21125","成都蓉超在主场1-2负于浙江黄龙；河南金鑫同样在主场遭遇败仗0-6输给了武汉地龙；青岛英茁则在主场13-2大胜北工大；<mark>珠海名实</mark>1-1战平广州果王，而深圳与长春的比赛因为客队报名人数不够10人，以弃权的形式宣布深圳铁狼本场不战而胜，比分为5-0","我谨代表我的夫人和同事们，并以我个人的名义，向总统和夫人表示衷心感谢，并向<mark>墨西哥</mark>人民转达中国人民的亲切问候和良好祝愿！","“2013年，<mark>美的</mark>冰箱将继续发力高端产品","<mark>它</mark>不仅使我们在过去近20年的建设和改革中，克服了那些超越阶段的错误观念和政策，又抵制了抛弃社会主义基本制度的错误主张，取得了令人瞩目的成就;同时也为我们今后的改革与发展提出了一系列基本理论与指导思想","企业家一直期待货币政策能放松，<mark>李稻葵</mark>表示，按他个人的预测，未来若干年，中国财政上会放松，但货币政策会延续审慎、小心的态势，不会放太松，因为中国经济的存量流动性是充足的，货币政策松一点就有可能形成资产泡沫","珠海名实","墨西哥","美的","它","李稻葵","[{""33"":{""on"":true},""FineTypeA0"":""team"",""FineTypeA1"":""country"",""FineTypeA2"":""brand"",""FineTypeA4"":""person"",""FineTypeB0"":""professional sports team"",""FineTypeB1"":""are"",""FineTypeB2"":""appliance company"",""FineTypeB4"":""speaker"",""NA0"":{""on"":false},""NA1"":{""on"":false},""NA2"":{""on"":false},""NA3"":{""on"":true},""NA4"":{""on"":false}}]"
"3T2EL38U0MXO2GU7KPW8R62BKS5QXD","3ES1UQ6TFXZM7YN976SJJJGAS52LM6","Chinese ultra-fine entity typing (short sentences)","annotate entity types for labeled mentions","entity, named entity, type, typing, text, mention, nlp, natural language processing","$0.10","Wed Sep 25 10:12:52 PDT 2019","5","BatchId:251856;OriginalHitTemplateId:921587277;","1800","259200","Wed Oct 02 10:12:52 PDT 2019","","","39ASUFLU6YK2SX2W117AL99D6TPEXH","AJX63PC8TFQPZ","Submitted","Wed Sep 25 23:36:47 PDT 2019","Wed Sep 25 23:38:10 PDT 2019","Sat Sep 28 23:38:10 PDT 2019","","","","83","0% (0/0)","0% (0/0)","0% (0/0)","11534","4884","26541","12240","26593","“在设备方面，我们的操作系统横跨了Windows、Windows Phone、Xbox等不同形态的产品;在后台层面，广受欢迎的服务器操作系统<mark> Windows Server</mark>和与之相匹配的公有云操作系统Windows Azure，组成了完整的云平台，提供包括私有云、公有云和合作伙伴云三种模式选择","对于记者的许多问题，他这么回答:“夫妻分居两地我无悔，以后往西藏修铁路<mark>我</mark>仍然第一个报名","”过了片刻:“<mark>我</mark>可活了三百多年","除了全科学习系统，汉王D31状元版还预装了朗文现代，古汉语，快译大典，<mark>成语词典</mark>等多部权威词典，收录了大量的英文原著英文原著、科普知识、名家读物、历史军事等课外读物","<mark>和讯</mark>消息  5月28日，以“新金融格局下的金融理财未来”为主题的2011年中国金融理财师年会，今日在北京国际大饭店正式拉开帷幕，45位PTP访问团成员、300位中国理财师、多位专家学者、金融机构高管以及监管机构领导出席本次年会","Windows Server","我","我","成语词典","和讯","[{""33"":{""on"":true},""FineTypeA0"":""product"",""FineTypeA1"":""person"",""FineTypeA2"":""person"",""FineTypeA3"":""book"",""FineTypeA4"":""media"",""FineTypeB0"":""service"",""FineTypeB1"":""interviewee"",""FineTypeB3"":""dictionary"",""FineTypeB4"":""news_agency"",""NA0"":{""on"":false},""NA1"":{""on"":false},""NA2"":{""on"":true},""NA3"":{""on"":false},""NA4"":{""on"":false}}]"
"3W9XHF7WGK8VAWNS2ABE6H5W8QPTK5","3ES1UQ6TFXZM7YN976SJJJGAS52LM6","Chinese ultra-fine entity typing (short sentences)","annotate entity types for labeled mentions","entity, named entity, type, typing, text, mention, nlp, natural language processing","$0.10","Wed Sep 25 10:13:33 PDT 2019","5","BatchId:251856;OriginalHitTemplateId:921587277;","1800","259200","Wed Oct 02 10:13:33 PDT 2019","","","386PBUZZXGAF3J7Z1JFD7VRI4SBJLL","AJX63PC8TFQPZ","Submitted","Wed Sep 25 22:44:35 PDT 2019","Wed Sep 25 22:46:05 PDT 2019","Sat Sep 28 22:46:05 PDT 2019","","","","90","0% (0/0)","0% (0/0)","0% (0/0)","11061","22533","25611","26163","11803","在胡志明这140篇文章中，打头的一篇是1951年7月发表的《读实践论·笔记》一文，标题是<mark>他</mark>亲笔用汉字题写的","人民网北京9月23日电（记者 高星）<mark>北京市环保局</mark>副局长、新闻发言人方力在今天下午召开的“北京市清洁空气行动计划”新闻发布会上表示，在未来五年全社会为治理大气需要投入的资金估计可能近5万亿","当时，我一到罗马就采访、报道了<mark>他</mark>，但总觉得言犹未尽","但孩子们向记者承认，他们也在动物园投喂过<mark>自己</mark>喜爱的动物","１．任何提及“女王陛下”、“王室”、“英国政府”及“国务大臣”等相类似名称或词句的条款，如该条款内容是关于香港土地所有权或涉及《基本法》所规定的中央管理的事务和中央与香港特别行政区的关系，则该等名称或词句应相应地解释为中央或中国的其它主管机关，其它情况下应解释为<mark>香港特别行政区</mark>政府。","他","北京市环保局","他","自己","香港特别行政区","[{""33"":{""on"":true},""FineTypeA0"":""person"",""FineTypeA1"":""department"",""FineTypeA2"":""person"",""FineTypeA3"":""children"",""FineTypeA4"":""government"",""FineTypeB0"":""author"",""FineTypeB1"":""government sector"",""FineTypeB2"":""interviewee"",""FineTypeB3"":""group"",""FineTypeB4"":""district"",""NA0"":{""on"":false},""NA1"":{""on"":false},""NA2"":{""on"":false},""NA3"":{""on"":false},""NA4"":{""on"":false}}]"
"3RWO3EJELHMVC38ZDJWCWS80AH4P1T","3ES1UQ6TFXZM7YN976SJJJGAS52LM6","Chinese ultra-fine entity typing (short sentences)","annotate entity types for labeled mentions","entity, named entity, type, typing, text, mention, nlp, natural language processing","$0.10","Wed Sep 25 10:12:56 PDT 2019","5","BatchId:251856;OriginalHitTemplateId:921587277;","1800","259200","Wed Oct 02 10:12:56 PDT 2019","","","39N5ACM9HF0GOS9O7ZH7ZIMZDX0P9U","AJX63PC8TFQPZ","Submitted","Wed Sep 25 23:10:23 PDT 2019","Wed Sep 25 23:28:21 PDT 2019","Sat Sep 28 23:28:21 PDT 2019","","","","1078","0% (0/0)","0% (0/0)","0% (0/0)","25347","38133","11816","16189","41182","<mark>康熙</mark>皇帝得知下旨玉浆春酒为宫廷用酒，赐名御宴酒","2012年10月13日下午14:30分，电影《画皮II》导演乌尔善、制片人<mark>庞洪</mark>、出品人郭力以及中央美术学院教授王水泊在中央美术学院美术馆学术报告厅进行了题为《电影“画皮Ⅱ”的思考与回顾》的讲座","二是中央制定的一系列政策，已经并将继续对保护农民积极性发挥重大作用，这是<mark>我们</mark>做好工作最重要的基础","她常这样激励<mark>自己</mark>:“建设强大的海防，需要有股殚精竭虑的拼劲","1953年春天读你的《从上甘岭来》，1957年底读<mark>你</mark>的《黄山小记》，直到十年大动乱结束后读你在茅山根据地为纪念陈毅和张茜同志写的《长江横渡》，我都有过同样的感受","康熙","庞洪","我们","自己","你","[{""33"":{""on"":true},""FineTypeA0"":""emperor"",""FineTypeA1"":""producer"",""FineTypeA2"":""group"",""FineTypeA3"":""woman"",""FineTypeA4"":""author"",""FineTypeB0"":""king"",""FineTypeB1"":""film maker"",""FineTypeB2"":""administrator"",""FineTypeB3"":""person"",""FineTypeB4"":""writer"",""NA0"":{""on"":false},""NA1"":{""on"":false},""NA2"":{""on"":false},""NA3"":{""on"":false},""NA4"":{""on"":false}}]"