"HITId","HITTypeId","Title","Description","Keywords","Reward","CreationTime","MaxAssignments","RequesterAnnotation","AssignmentDurationInSeconds","AutoApprovalDelayInSeconds","Expiration","NumberOfSimilarHITs","LifetimeInSeconds","AssignmentId","WorkerId","AssignmentStatus","AcceptTime","SubmitTime","AutoApprovalTime","ApprovalTime","RejectionTime","RequesterFeedback","WorkTimeInSeconds","LifetimeApprovalRate","Last30DaysApprovalRate","Last7DaysApprovalRate","Input.mention_id_1","Input.mention_id_2","Input.mention_id_3","Input.mention_id_4","Input.mention_id_5","Input.s1","Input.s2","Input.s3","Input.s4","Input.s5","Input.m1","Input.m2","Input.m3","Input.m4","Input.m5","Answer.taskAnswers","Approve","Reject"
"37VHPF5VYCGUTEJG70OVKKGZTX08CD","3S3GY25K17OBMZ4A1VAM63J385YKZK","中文词语分类 (entity classification/typing)","标注语句中的词语所代表的实体 的种类","chinese, text, classification, entity, named entity, type, typing, mention, nlp, natural language processing, text mining","$0.10","Tue Oct 08 02:29:23 PDT 2019","4","BatchId:3793008;OriginalHitTemplateId:928390909;","3600","604800","Tue Oct 15 02:29:23 PDT 2019","","","33PPO7FECWS0AWZ16K0Y6ZOHRKQIDB","A24Y1NVEEY1ADM","Submitted","Tue Oct 08 08:06:20 PDT 2019","Tue Oct 08 08:11:46 PDT 2019","Tue Oct 15 08:11:46 PDT 2019","","","","326","0% (0/0)","0% (0/0)","0% (0/0)","12701","272","12577","18761","3295","给中央军委副主席、国务委员兼国防部长迟浩田上将致唁函的有：<mark>南斯拉夫联盟共和国国防部</mark>长帕·布拉托维奇。","出乎意料的是，新年前夕，<mark>我</mark>意外地收到阿朵寄来的贺年卡。","他们重申支持世界贸易组织成员的普遍性，支持中国以及申请加入世界贸易组织的东盟国家早日加入<mark>世界贸易组织</mark>。","迄今为止，支付宝快捷支付签约合作的银行已超过100家，用户突破2000万，交易笔数占<mark>支付宝</mark>整体交易的比重也已提升到36%。","据新华社拉萨1月7日电(记者尕玛多吉)受国务院委派，由国家经贸委、民政部、交通部、<mark>卫生部</mark>、解放军总参谋部和总后勤部组成的赴藏慰问组一行11人今晨抵达拉萨。","南斯拉夫联盟共和国国防部","我","世界贸易组织","支付宝","卫生部","[{""FineTypeA0"":""government agency"",""FineTypeA1"":""person"",""FineTypeA2"":""governing body"",""FineTypeA3"":""company"",""FineTypeA4"":""government agency"",""FineTypeB0"":""military"",""FineTypeB1"":""identification"",""FineTypeB2"":""trade"",""FineTypeB3"":""payment"",""FineTypeB4"":""health"",""NA0"":{""on"":false},""NA1"":{""on"":false},""NA2"":{""on"":false},""NA3"":{""on"":false},""NA4"":{""on"":false}}]"
"37VHPF5VYCGUTEJG70OVKKGZTX08CD","3S3GY25K17OBMZ4A1VAM63J385YKZK","中文词语分类 (entity classification/typing)","标注语句中的词语所代表的实体 的种类","chinese, text, classification, entity, named entity, type, typing, mention, nlp, natural language processing, text mining","$0.10","Tue Oct 08 02:29:23 PDT 2019","4","BatchId:3793008;OriginalHitTemplateId:928390909;","3600","604800","Tue Oct 15 02:29:23 PDT 2019","","","3ZQIG0FLQFT458JSMM47DC3W626WV9","A3BHWNI7NMNI15","Submitted","Tue Oct 08 05:41:27 PDT 2019","Tue Oct 08 05:45:51 PDT 2019","Tue Oct 15 05:45:51 PDT 2019","","","","264","0% (0/0)","0% (0/0)","0% (0/0)","12701","272","12577","18761","3295","给中央军委副主席、国务委员兼国防部长迟浩田上将致唁函的有：<mark>南斯拉夫联盟共和国国防部</mark>长帕·布拉托维奇。","出乎意料的是，新年前夕，<mark>我</mark>意外地收到阿朵寄来的贺年卡。","他们重申支持世界贸易组织成员的普遍性，支持中国以及申请加入世界贸易组织的东盟国家早日加入<mark>世界贸易组织</mark>。","迄今为止，支付宝快捷支付签约合作的银行已超过100家，用户突破2000万，交易笔数占<mark>支付宝</mark>整体交易的比重也已提升到36%。","据新华社拉萨1月7日电(记者尕玛多吉)受国务院委派，由国家经贸委、民政部、交通部、<mark>卫生部</mark>、解放军总参谋部和总后勤部组成的赴藏慰问组一行11人今晨抵达拉萨。","南斯拉夫联盟共和国国防部","我","世界贸易组织","支付宝","卫生部","[{""FineTypeA0"":""government agency"",""FineTypeA2"":""international organization"",""FineTypeA3"":""online service"",""FineTypeA4"":""government agency"",""FineTypeB0"":""armed forces"",""FineTypeB2"":""trade"",""FineTypeB3"":""payment method"",""FineTypeB4"":""health"",""NA0"":{""on"":false},""NA1"":{""on"":true},""NA2"":{""on"":false},""NA3"":{""on"":false},""NA4"":{""on"":false}}]"
"3YGE63DIN8ALPNKITNBH3ZHK2F60WR","3S3GY25K17OBMZ4A1VAM63J385YKZK","中文词语分类 (entity classification/typing)","标注语句中的词语所代表的实体 的种类","chinese, text, classification, entity, named entity, type, typing, mention, nlp, natural language processing, text mining","$0.10","Tue Oct 08 02:29:23 PDT 2019","4","BatchId:3793008;OriginalHitTemplateId:928390909;","3600","604800","Tue Oct 15 02:29:23 PDT 2019","","","38SKSKU7R2AJ88NTJ1YMPCWM0X8ILF","A245MBNLYBTMHB","Submitted","Tue Oct 08 17:25:16 PDT 2019","Tue Oct 08 17:30:03 PDT 2019","Tue Oct 15 17:30:03 PDT 2019","","","","287","0% (0/0)","0% (0/0)","0% (0/0)","13064","16138","14348","10161","13396","<mark>刘华清</mark>指出，学习邓小平新时期军队建设思想，一定要在认真研读原著上下功夫，完整准确地掌握理论的科学体系和精神实质；","不过有点小遗憾的是，<mark>马自达8</mark>采用的是单天窗设计，是4款车型里天窗面积最小的。","本报北京１２月１３日讯记者唐维红报道：今天上午，由中宣部、<mark>全国人大内司委</mark>、共青团中央、国家教委和司法部组成的全国保护明天行动组委会，在人民大会堂隆重表彰“全国未成年人保护工作先进集体”和“中国保护未成年人杰出（优秀）公民”。","在东盟成立三十周年之际，<mark>东盟</mark>各国和中国、日本、韩国的领导人会聚一堂，共同探讨面向二十一世纪的东亚经济合作，展望东亚未来发展的前景，是一个重大创举。","国家教委副主任<mark>柳斌</mark>在讲话中强调，各地要从本地实际出发，认真研究、制定加强中小学德育工作的具体措施，如落实德育经费投入科目单列，培养一批德育专家和特级教师，加强师德建设和改善德育师资待遇等。","刘华清","马自达8","全国人大内司委","东盟","柳斌","[{""FineTypeA0"":""person"",""FineTypeA1"":""brand"",""FineTypeA2"":""position"",""FineTypeA3"":""nation"",""FineTypeA4"":""person"",""FineTypeB0"":""politician"",""FineTypeB1"":""car"",""FineTypeB2"":""role"",""FineTypeB3"":""group"",""FineTypeB4"":""politician"",""NA0"":{""on"":false},""NA1"":{""on"":false},""NA2"":{""on"":false},""NA3"":{""on"":false},""NA4"":{""on"":false}}]"
"3YGE63DIN8ALPNKITNBH3ZHK2F60WR","3S3GY25K17OBMZ4A1VAM63J385YKZK","中文词语分类 (entity classification/typing)","标注语句中的词语所代表的实体 的种类","chinese, text, classification, entity, named entity, type, typing, mention, nlp, natural language processing, text mining","$0.10","Tue Oct 08 02:29:23 PDT 2019","4","BatchId:3793008;OriginalHitTemplateId:928390909;","3600","604800","Tue Oct 15 02:29:23 PDT 2019","","","3KYQYYSHYWKA6IA44FD3QWK33T4DOG","A3BHWNI7NMNI15","Submitted","Tue Oct 08 05:45:52 PDT 2019","Tue Oct 08 05:58:34 PDT 2019","Tue Oct 15 05:58:34 PDT 2019","","","","762","0% (0/0)","0% (0/0)","0% (0/0)","13064","16138","14348","10161","13396","<mark>刘华清</mark>指出，学习邓小平新时期军队建设思想，一定要在认真研读原著上下功夫，完整准确地掌握理论的科学体系和精神实质；","不过有点小遗憾的是，<mark>马自达8</mark>采用的是单天窗设计，是4款车型里天窗面积最小的。","本报北京１２月１３日讯记者唐维红报道：今天上午，由中宣部、<mark>全国人大内司委</mark>、共青团中央、国家教委和司法部组成的全国保护明天行动组委会，在人民大会堂隆重表彰“全国未成年人保护工作先进集体”和“中国保护未成年人杰出（优秀）公民”。","在东盟成立三十周年之际，<mark>东盟</mark>各国和中国、日本、韩国的领导人会聚一堂，共同探讨面向二十一世纪的东亚经济合作，展望东亚未来发展的前景，是一个重大创举。","国家教委副主任<mark>柳斌</mark>在讲话中强调，各地要从本地实际出发，认真研究、制定加强中小学德育工作的具体措施，如落实德育经费投入科目单列，培养一批德育专家和特级教师，加强师德建设和改善德育师资待遇等。","刘华清","马自达8","全国人大内司委","东盟","柳斌","[{""FineTypeA1"":""car"",""FineTypeA3"":""international organization"",""FineTypeA4"":""officer"",""FineTypeB1"":""machine"",""FineTypeB2"":""organization"",""FineTypeB3"":""association"",""FineTypeB4"":""education"",""NA0"":{""on"":true},""NA1"":{""on"":false},""NA2"":{""on"":true},""NA3"":{""on"":false},""NA4"":{""on"":false}}]"
"3YGE63DIN8ALPNKITNBH3ZHK2F60WR","3S3GY25K17OBMZ4A1VAM63J385YKZK","中文词语分类 (entity classification/typing)","标注语句中的词语所代表的实体 的种类","chinese, text, classification, entity, named entity, type, typing, mention, nlp, natural language processing, text mining","$0.10","Tue Oct 08 02:29:23 PDT 2019","4","BatchId:3793008;OriginalHitTemplateId:928390909;","3600","604800","Tue Oct 15 02:29:23 PDT 2019","","","3ND9UOO81LF1937Y8I21Q35UF4SWLE","A24Y1NVEEY1ADM","Submitted","Tue Oct 08 08:23:35 PDT 2019","Tue Oct 08 08:26:02 PDT 2019","Tue Oct 15 08:26:02 PDT 2019","","","","147","0% (0/0)","0% (0/0)","0% (0/0)","13064","16138","14348","10161","13396","<mark>刘华清</mark>指出，学习邓小平新时期军队建设思想，一定要在认真研读原著上下功夫，完整准确地掌握理论的科学体系和精神实质；","不过有点小遗憾的是，<mark>马自达8</mark>采用的是单天窗设计，是4款车型里天窗面积最小的。","本报北京１２月１３日讯记者唐维红报道：今天上午，由中宣部、<mark>全国人大内司委</mark>、共青团中央、国家教委和司法部组成的全国保护明天行动组委会，在人民大会堂隆重表彰“全国未成年人保护工作先进集体”和“中国保护未成年人杰出（优秀）公民”。","在东盟成立三十周年之际，<mark>东盟</mark>各国和中国、日本、韩国的领导人会聚一堂，共同探讨面向二十一世纪的东亚经济合作，展望东亚未来发展的前景，是一个重大创举。","国家教委副主任<mark>柳斌</mark>在讲话中强调，各地要从本地实际出发，认真研究、制定加强中小学德育工作的具体措施，如落实德育经费投入科目单列，培养一批德育专家和特级教师，加强师德建设和改善德育师资待遇等。","刘华清","马自达8","全国人大内司委","东盟","柳斌","[{""FineTypeA0"":""person"",""FineTypeA1"":""car"",""FineTypeA2"":""government agency"",""FineTypeA3"":""organization identifier"",""FineTypeA4"":""person"",""FineTypeB0"":""person identifier"",""FineTypeB1"":""model"",""FineTypeB2"":""civil law"",""FineTypeB3"":""location"",""FineTypeB4"":""person identifier"",""NA0"":{""on"":false},""NA1"":{""on"":false},""NA2"":{""on"":false},""NA3"":{""on"":false},""NA4"":{""on"":false}}]"
"306W7JMRYYBBJ9RAT0S090AHBC08B6","3S3GY25K17OBMZ4A1VAM63J385YKZK","中文词语分类 (entity classification/typing)","标注语句中的词语所代表的实体 的种类","chinese, text, classification, entity, named entity, type, typing, mention, nlp, natural language processing, text mining","$0.10","Tue Oct 08 02:29:23 PDT 2019","4","BatchId:3793008;OriginalHitTemplateId:928390909;","3600","604800","Tue Oct 15 02:29:23 PDT 2019","","","38F5OAUN5OPKXSN79PFR6VD65WBH7R","A24Y1NVEEY1ADM","Submitted","Tue Oct 08 08:31:36 PDT 2019","Tue Oct 08 08:33:19 PDT 2019","Tue Oct 15 08:33:19 PDT 2019","","","","103","0% (0/0)","0% (0/0)","0% (0/0)","15770","12392","14","16724","10385","与<mark>淘宝</mark>不同，“ ”对品牌与服装质量的监管更加严格，用张新建的话说，“我们经营的是自己的网站，自己的品牌，自我监管力度远远要大于淘宝那样的第三方监管。","１１月１２日，国务院总理<mark>李鹏</mark>在东京出席日中友好七团体举行的欢迎招待会，并发表讲话。","谢谢!(<mark>新华社</mark>北京12月31日电)","根据淘宝网与国内最大的市场研究公司<mark>ctr</mark>联合发布《中国消费风向标报告2012》显示，我国居民消费能力持续上扬，2011年上半年家庭平均月支出达3450元，环比上涨了13%。","７．《舞弊及非法行为条例》（香港法例第２８８章）中的附属立法ａ《市政局、区域市政局以及区议会选举费用令》、附属立法ｃ《<mark>立法局</mark>决议》；","淘宝","李鹏","新华社","ctr","立法局","[{""FineTypeA0"":""company"",""FineTypeA1"":""person"",""FineTypeA2"":""publisher"",""FineTypeA4"":""government agency"",""FineTypeB0"":""web portal"",""FineTypeB1"":""person identifier"",""FineTypeB2"":""news agency"",""FineTypeB4"":""law"",""NA0"":{""on"":false},""NA1"":{""on"":false},""NA2"":{""on"":false},""NA3"":{""on"":true},""NA4"":{""on"":false}}]"
"306W7JMRYYBBJ9RAT0S090AHBC08B6","3S3GY25K17OBMZ4A1VAM63J385YKZK","中文词语分类 (entity classification/typing)","标注语句中的词语所代表的实体 的种类","chinese, text, classification, entity, named entity, type, typing, mention, nlp, natural language processing, text mining","$0.10","Tue Oct 08 02:29:23 PDT 2019","4","BatchId:3793008;OriginalHitTemplateId:928390909;","3600","604800","Tue Oct 15 02:29:23 PDT 2019","","","3YWRV122CTCT2SYAJTEW3AYRAORU80","A3BHWNI7NMNI15","Submitted","Tue Oct 08 05:09:32 PDT 2019","Tue Oct 08 05:38:18 PDT 2019","Tue Oct 15 05:38:18 PDT 2019","","","","1726","0% (0/0)","0% (0/0)","0% (0/0)","15770","12392","14","16724","10385","与<mark>淘宝</mark>不同，“ ”对品牌与服装质量的监管更加严格，用张新建的话说，“我们经营的是自己的网站，自己的品牌，自我监管力度远远要大于淘宝那样的第三方监管。","１１月１２日，国务院总理<mark>李鹏</mark>在东京出席日中友好七团体举行的欢迎招待会，并发表讲话。","谢谢!(<mark>新华社</mark>北京12月31日电)","根据淘宝网与国内最大的市场研究公司<mark>ctr</mark>联合发布《中国消费风向标报告2012》显示，我国居民消费能力持续上扬，2011年上半年家庭平均月支出达3450元，环比上涨了13%。","７．《舞弊及非法行为条例》（香港法例第２８８章）中的附属立法ａ《市政局、区域市政局以及区议会选举费用令》、附属立法ｃ《<mark>立法局</mark>决议》；","淘宝","李鹏","新华社","ctr","立法局","[{""FineTypeA0"":""online shopping"",""FineTypeA1"":""officer"",""FineTypeA2"":""news media"",""FineTypeA3"":""company"",""FineTypeA4"":""government agency"",""FineTypeB0"":""website"",""FineTypeB1"":""leader"",""FineTypeB2"":""company"",""NA0"":{""on"":false},""NA1"":{""on"":false},""NA2"":{""on"":false},""NA3"":{""on"":true},""NA4"":{""on"":true}}]"
"30IRMPJWDZWIUHA0YMBTZKOCOYXKRE","3S3GY25K17OBMZ4A1VAM63J385YKZK","中文词语分类 (entity classification/typing)","标注语句中的词语所代表的实体 的种类","chinese, text, classification, entity, named entity, type, typing, mention, nlp, natural language processing, text mining","$0.10","Tue Oct 08 02:29:23 PDT 2019","4","BatchId:3793008;OriginalHitTemplateId:928390909;","3600","604800","Tue Oct 15 02:29:23 PDT 2019","","","3QJOXOW4XK4RYL3SNU9A4ADJ85AEMF","A24Y1NVEEY1ADM","Submitted","Tue Oct 08 08:00:50 PDT 2019","Tue Oct 08 08:04:08 PDT 2019","Tue Oct 15 08:04:08 PDT 2019","","","","198","0% (0/0)","0% (0/0)","0% (0/0)","4031","1874","8859","13132","14905","<mark>它</mark>飞行4天半、行程24万英里后，将进入月球轨道，在距月球表面62英里的高度绕月飞行。","然而<mark>我</mark>在温州采访时，更多碰到的却不是“老板”，而是文质彬彬的读书人。","接受<mark>中醫藥緣雜誌</mark>訪問，帶埋個仔出鏡。","<mark>张万年</mark>的题词是：『辉煌的业绩，不朽的丰碑』；","十个文明服务示范旅行社是：中国国际旅行社总社中国公民部、北京铁路国际旅行社、上海春秋国际旅行社、江苏省海外旅游公司、浙江杭州梅苑旅行社、福建厦门海外环球旅行社、山东青岛航空旅行社、<mark>广东铁道中国青年旅行社</mark>、云南大理茶花旅行社、陕西西安中国国际旅行社。","它","我","中醫藥緣雜誌","张万年","广东铁道中国青年旅行社","[{""FineTypeA0"":""object"",""FineTypeA1"":""person"",""FineTypeA2"":""book"",""FineTypeA3"":""person"",""FineTypeA4"":""company"",""FineTypeB0"":""transport"",""FineTypeB1"":""identification"",""FineTypeB2"":""medical association"",""FineTypeB3"":""identification"",""FineTypeB4"":""tour"",""NA0"":{""on"":false},""NA1"":{""on"":false},""NA2"":{""on"":false},""NA3"":{""on"":false},""NA4"":{""on"":false}}]"
"30IRMPJWDZWIUHA0YMBTZKOCOYXKRE","3S3GY25K17OBMZ4A1VAM63J385YKZK","中文词语分类 (entity classification/typing)","标注语句中的词语所代表的实体 的种类","chinese, text, classification, entity, named entity, type, typing, mention, nlp, natural language processing, text mining","$0.10","Tue Oct 08 02:29:23 PDT 2019","4","BatchId:3793008;OriginalHitTemplateId:928390909;","3600","604800","Tue Oct 15 02:29:23 PDT 2019","","","3RYC5T2D746MSS5A1GL2KL6XSZARP0","A3BHWNI7NMNI15","Submitted","Tue Oct 08 07:50:29 PDT 2019","Tue Oct 08 07:59:44 PDT 2019","Tue Oct 15 07:59:44 PDT 2019","","","","555","0% (0/0)","0% (0/0)","0% (0/0)","4031","1874","8859","13132","14905","<mark>它</mark>飞行4天半、行程24万英里后，将进入月球轨道，在距月球表面62英里的高度绕月飞行。","然而<mark>我</mark>在温州采访时，更多碰到的却不是“老板”，而是文质彬彬的读书人。","接受<mark>中醫藥緣雜誌</mark>訪問，帶埋個仔出鏡。","<mark>张万年</mark>的题词是：『辉煌的业绩，不朽的丰碑』；","十个文明服务示范旅行社是：中国国际旅行社总社中国公民部、北京铁路国际旅行社、上海春秋国际旅行社、江苏省海外旅游公司、浙江杭州梅苑旅行社、福建厦门海外环球旅行社、山东青岛航空旅行社、<mark>广东铁道中国青年旅行社</mark>、云南大理茶花旅行社、陕西西安中国国际旅行社。","它","我","中醫藥緣雜誌","张万年","广东铁道中国青年旅行社","[{""FineTypeA0"":""aircraft"",""FineTypeA1"":""person"",""FineTypeA2"":""news media"",""FineTypeA3"":""person"",""FineTypeA4"":""travel agency"",""FineTypeB0"":""machine"",""FineTypeB1"":""correspondent"",""FineTypeB2"":""company"",""FineTypeB3"":""writer"",""FineTypeB4"":""company"",""NA0"":{""on"":false},""NA1"":{""on"":false},""NA2"":{""on"":false},""NA3"":{""on"":false},""NA4"":{""on"":false}}]"
"30IRMPJWDZWIUHA0YMBTZKOCOYXKRE","3S3GY25K17OBMZ4A1VAM63J385YKZK","中文词语分类 (entity classification/typing)","标注语句中的词语所代表的实体 的种类","chinese, text, classification, entity, named entity, type, typing, mention, nlp, natural language processing, text mining","$0.10","Tue Oct 08 02:29:23 PDT 2019","4","BatchId:3793008;OriginalHitTemplateId:928390909;","3600","604800","Tue Oct 15 02:29:23 PDT 2019","","","3TEM0PF1Q6AP31IL2UBS0VOL503D0P","AWUNZYCD5CZBE","Submitted","Wed Oct 09 13:57:05 PDT 2019","Wed Oct 09 14:00:43 PDT 2019","Wed Oct 16 14:00:43 PDT 2019","","","","218","0% (0/0)","0% (0/0)","0% (0/0)","4031","1874","8859","13132","14905","<mark>它</mark>飞行4天半、行程24万英里后，将进入月球轨道，在距月球表面62英里的高度绕月飞行。","然而<mark>我</mark>在温州采访时，更多碰到的却不是“老板”，而是文质彬彬的读书人。","接受<mark>中醫藥緣雜誌</mark>訪問，帶埋個仔出鏡。","<mark>张万年</mark>的题词是：『辉煌的业绩，不朽的丰碑』；","十个文明服务示范旅行社是：中国国际旅行社总社中国公民部、北京铁路国际旅行社、上海春秋国际旅行社、江苏省海外旅游公司、浙江杭州梅苑旅行社、福建厦门海外环球旅行社、山东青岛航空旅行社、<mark>广东铁道中国青年旅行社</mark>、云南大理茶花旅行社、陕西西安中国国际旅行社。","它","我","中醫藥緣雜誌","张万年","广东铁道中国青年旅行社","[{""FineTypeA2"":""medical association"",""FineTypeA3"":""leader"",""FineTypeA4"":""travel agency"",""FineTypeB2"":""雜誌體裁"",""FineTypeB3"":""領導"",""FineTypeB4"":""旅游信息处"",""NA0"":{""on"":true},""NA1"":{""on"":true},""NA2"":{""on"":false},""NA3"":{""on"":false},""NA4"":{""on"":false}}]"
"36FQTHX3Z34PICL4HJX4IJ26VQ83B9","3S3GY25K17OBMZ4A1VAM63J385YKZK","中文词语分类 (entity classification/typing)","标注语句中的词语所代表的实体 的种类","chinese, text, classification, entity, named entity, type, typing, mention, nlp, natural language processing, text mining","$0.10","Tue Oct 08 02:29:23 PDT 2019","4","BatchId:3793008;OriginalHitTemplateId:928390909;","3600","604800","Tue Oct 15 02:29:23 PDT 2019","","","32VNZTT0A8H03ZJR3WTEHNV213I4RQ","A24Y1NVEEY1ADM","Submitted","Tue Oct 08 08:22:02 PDT 2019","Tue Oct 08 08:23:32 PDT 2019","Tue Oct 15 08:23:32 PDT 2019","","","","90","0% (0/0)","0% (0/0)","0% (0/0)","7850","7934","13897","8628","15773","本报珀斯1月15日电记者许立群报道:世界游泳锦标赛游泳比赛今天又进行了五项决赛，<mark>美国队</mark>夺走了其中三项冠军，女选手汤普森最引人注目，她在100米蝶泳决赛中以58秒46刷新世锦赛纪录，夺得该项目冠军。","童话《小老鼠漂流记》的作者斯泰格，本是著名的杂志《纽约人》的专栏漫画家，一生卓有成就，他在六十岁退休后，有感于儿童读物的匮乏与枯燥，于是充分施展<mark>自己</mark>写作与绘画的双重特长，创作了一本又一本图文并茂、令孩子甚至成人也爱不释手的作品。","（作者单位：<mark>北京师范大学</mark>）","汗会不会跟内购一样上不去回头再来个已售罄黑线流浪艺术家明天会不会冷场啊，全世界都在观望<mark>刘强东</mark>搬个板凳坐在国美、苏宁店里，享受着空调暖气，走走路锻炼身体还可以赚钱退休后干什么？","”\张新建<mark>张新建</mark> ”更关注把成本花在设计和质量上，花更多精力去筛选有保障的合作伙伴。","美国队","自己","北京师范大学","刘强东","张新建","[{""FineTypeA0"":""country"",""FineTypeA1"":""person"",""FineTypeA2"":""college"",""FineTypeA3"":""person"",""FineTypeA4"":""person"",""FineTypeB0"":""sport"",""FineTypeB1"":""person identifier"",""FineTypeB2"":""location"",""FineTypeB3"":""person identifier"",""FineTypeB4"":""person identifier"",""NA0"":{""on"":false},""NA1"":{""on"":false},""NA2"":{""on"":false},""NA3"":{""on"":false},""NA4"":{""on"":false}}]"
"36FQTHX3Z34PICL4HJX4IJ26VQ83B9","3S3GY25K17OBMZ4A1VAM63J385YKZK","中文词语分类 (entity classification/typing)","标注语句中的词语所代表的实体 的种类","chinese, text, classification, entity, named entity, type, typing, mention, nlp, natural language processing, text mining","$0.10","Tue Oct 08 02:29:23 PDT 2019","4","BatchId:3793008;OriginalHitTemplateId:928390909;","3600","604800","Tue Oct 15 02:29:23 PDT 2019","","","3VZLGYJEYMN03STSXOPW01UZ3FYZXL","A3BHWNI7NMNI15","Submitted","Tue Oct 08 07:18:30 PDT 2019","Tue Oct 08 07:26:49 PDT 2019","Tue Oct 15 07:26:49 PDT 2019","","","","499","0% (0/0)","0% (0/0)","0% (0/0)","7850","7934","13897","8628","15773","本报珀斯1月15日电记者许立群报道:世界游泳锦标赛游泳比赛今天又进行了五项决赛，<mark>美国队</mark>夺走了其中三项冠军，女选手汤普森最引人注目，她在100米蝶泳决赛中以58秒46刷新世锦赛纪录，夺得该项目冠军。","童话《小老鼠漂流记》的作者斯泰格，本是著名的杂志《纽约人》的专栏漫画家，一生卓有成就，他在六十岁退休后，有感于儿童读物的匮乏与枯燥，于是充分施展<mark>自己</mark>写作与绘画的双重特长，创作了一本又一本图文并茂、令孩子甚至成人也爱不释手的作品。","（作者单位：<mark>北京师范大学</mark>）","汗会不会跟内购一样上不去回头再来个已售罄黑线流浪艺术家明天会不会冷场啊，全世界都在观望<mark>刘强东</mark>搬个板凳坐在国美、苏宁店里，享受着空调暖气，走走路锻炼身体还可以赚钱退休后干什么？","”\张新建<mark>张新建</mark> ”更关注把成本花在设计和质量上，花更多精力去筛选有保障的合作伙伴。","美国队","自己","北京师范大学","刘强东","张新建","[{""FineTypeA0"":""sports organization"",""FineTypeA1"":""person"",""FineTypeA2"":""educational institution"",""FineTypeB0"":""sports team"",""FineTypeB1"":""cartoonist"",""FineTypeB2"":""university"",""NA0"":{""on"":false},""NA1"":{""on"":false},""NA2"":{""on"":false},""NA3"":{""on"":true},""NA4"":{""on"":true}}]"
"3PN6H8C9R43IHUI94U3K0H4C4LCDAM","3S3GY25K17OBMZ4A1VAM63J385YKZK","中文词语分类 (entity classification/typing)","标注语句中的词语所代表的实体 的种类","chinese, text, classification, entity, named entity, type, typing, mention, nlp, natural language processing, text mining","$0.10","Tue Oct 08 02:29:23 PDT 2019","4","BatchId:3793008;OriginalHitTemplateId:928390909;","3600","604800","Tue Oct 15 02:29:23 PDT 2019","","","37M28K1J0RQY70GV4SUWSZVBJWMJAQ","A24Y1NVEEY1ADM","Submitted","Tue Oct 08 08:33:23 PDT 2019","Tue Oct 08 08:35:14 PDT 2019","Tue Oct 15 08:35:14 PDT 2019","","","","111","0% (0/0)","0% (0/0)","0% (0/0)","10293","14689","13245","16466","18212","各级党政机关要切实加强党风廉政建设，严格执行中央和<mark>中央纪委</mark>关于厉行节约、制止奢侈浪费的有关规定，严禁用公款大吃大喝、请客送礼，不准借拜年、联谊等名义用公款支付营业性歌厅、舞厅、夜总会和高尔夫球等高消费娱乐活动的费用，不准以任何名义发放礼品和纪念品，不准下级向上级单位和领导干部赠送礼金、有价证券、土特产和其他礼品。","在车上，我问一位要到北京去的当地乘客，方知界首离<mark>合肥</mark>约４００公里，这些车辆是国有汽车运营部门承包给个体运输户的，所以，他们要联手起来，在合肥用漂亮的旅游中巴招徕去北京的旅客，将他们集中运到界首，然后，由界首用旧车运往北京。","新年将至，今天上午李鹏总理在中共中央政治局委员、国务委员<mark>李铁映</mark>，中共中央政治局委员、书记处书记、国务委员罗干等同志陪同下，来到中央电视台。","同时，该行还结合稳健型投资者及保守型投资者的特点特别提供两款产品组合，即“交银成长”和“易方达增强回报”组成的稳健型投资组合；以及“<mark>交银</mark>主题优选”和“交银货币A”组成的保守型投资组合。","记者昨天从光明乳业获悉，尽管我国奶业标准在去年就调低了菌落总数和蛋白质含量的标准，但<mark>光明</mark>依旧按照原来的国标生产。","中央纪委","合肥","李铁映","交银","光明","[{""FineTypeA0"":""government agency"",""FineTypeA1"":""location"",""FineTypeA2"":""person"",""FineTypeA3"":""bank"",""FineTypeA4"":""company"",""FineTypeB0"":""law"",""FineTypeB1"":""city"",""FineTypeB2"":""person identifier"",""FineTypeB3"":""finance"",""FineTypeB4"":""factory"",""NA0"":{""on"":false},""NA1"":{""on"":false},""NA2"":{""on"":false},""NA3"":{""on"":false},""NA4"":{""on"":false}}]"
"3PN6H8C9R43IHUI94U3K0H4C4LCDAM","3S3GY25K17OBMZ4A1VAM63J385YKZK","中文词语分类 (entity classification/typing)","标注语句中的词语所代表的实体 的种类","chinese, text, classification, entity, named entity, type, typing, mention, nlp, natural language processing, text mining","$0.10","Tue Oct 08 02:29:23 PDT 2019","4","BatchId:3793008;OriginalHitTemplateId:928390909;","3600","604800","Tue Oct 15 02:29:23 PDT 2019","","","3DYGAII7PMLMGRQAO1W2FVWSWDYPQN","A3BHWNI7NMNI15","Submitted","Tue Oct 08 06:38:04 PDT 2019","Tue Oct 08 06:46:01 PDT 2019","Tue Oct 15 06:46:01 PDT 2019","","","","477","0% (0/0)","0% (0/0)","0% (0/0)","10293","14689","13245","16466","18212","各级党政机关要切实加强党风廉政建设，严格执行中央和<mark>中央纪委</mark>关于厉行节约、制止奢侈浪费的有关规定，严禁用公款大吃大喝、请客送礼，不准借拜年、联谊等名义用公款支付营业性歌厅、舞厅、夜总会和高尔夫球等高消费娱乐活动的费用，不准以任何名义发放礼品和纪念品，不准下级向上级单位和领导干部赠送礼金、有价证券、土特产和其他礼品。","在车上，我问一位要到北京去的当地乘客，方知界首离<mark>合肥</mark>约４００公里，这些车辆是国有汽车运营部门承包给个体运输户的，所以，他们要联手起来，在合肥用漂亮的旅游中巴招徕去北京的旅客，将他们集中运到界首，然后，由界首用旧车运往北京。","新年将至，今天上午李鹏总理在中共中央政治局委员、国务委员<mark>李铁映</mark>，中共中央政治局委员、书记处书记、国务委员罗干等同志陪同下，来到中央电视台。","同时，该行还结合稳健型投资者及保守型投资者的特点特别提供两款产品组合，即“交银成长”和“易方达增强回报”组成的稳健型投资组合；以及“<mark>交银</mark>主题优选”和“交银货币A”组成的保守型投资组合。","记者昨天从光明乳业获悉，尽管我国奶业标准在去年就调低了菌落总数和蛋白质含量的标准，但<mark>光明</mark>依旧按照原来的国标生产。","中央纪委","合肥","李铁映","交银","光明","[{""FineTypeA0"":""government agency"",""FineTypeA1"":""city"",""FineTypeA2"":""civil servant"",""FineTypeB0"":""organization"",""FineTypeB1"":""provincial city"",""FineTypeB2"":""leader"",""NA0"":{""on"":false},""NA1"":{""on"":false},""NA2"":{""on"":false},""NA3"":{""on"":true},""NA4"":{""on"":true}}]"
"3D4BBDG7ZH98SHDAVJTZT38ODB83CG","3S3GY25K17OBMZ4A1VAM63J385YKZK","中文词语分类 (entity classification/typing)","标注语句中的词语所代表的实体 的种类","chinese, text, classification, entity, named entity, type, typing, mention, nlp, natural language processing, text mining","$0.10","Tue Oct 08 02:29:23 PDT 2019","4","BatchId:3793008;OriginalHitTemplateId:928390909;","3600","604800","Tue Oct 15 02:29:23 PDT 2019","","","35LDD5557BHUKLV2JGKD25QOS2CKMB","A24Y1NVEEY1ADM","Submitted","Tue Oct 08 08:42:54 PDT 2019","Tue Oct 08 08:45:03 PDT 2019","Tue Oct 15 08:45:03 PDT 2019","","","","129","0% (0/0)","0% (0/0)","0% (0/0)","18907","16317","9065","18861","15242","在他开车走到平泉的时候，车子突然翻车，受伤很严重，但是他不敢去<mark>医院</mark>救治，于是躲在一农户的家里治疗，也不敢说出自己的真实情况。","”\德拉吉还表示，欧洲央<mark>欧洲央行</mark>有偿付能力的银行提供所有的必要流动性。","【哈尔滨“婴儿<mark>安全岛</mark>”投用】地约53平方米，造价30万元，内有换气扇、小床、保温箱、延时报警装置等——这间粉色的“婴儿安全岛”于1月8日正式在哈市启用，位于哈尔滨大街的哈市儿童福利院大门口南侧，门口和屋顶设有卡通形象的婴儿安全岛指示标志。","据悉，上海艺术人文频道从去年转播柏林爱乐在<mark>维也纳</mark>的欧洲音乐会开始，独家引进这项音乐盛事的国内电视版权，让国内观众能够欣赏到又一顶级音乐盛会。","毕加索于１８８１年出生在西班牙南部马拉加，父亲是位画师，他以自己的直觉意识到儿子的艺术天赋，便鼓励<mark>毕加索</mark>去巴塞罗那和马德里学习美术。","医院","欧洲央行","安全岛","维也纳","毕加索","[{""FineTypeA0"":""hospital"",""FineTypeA1"":""government agency"",""FineTypeA2"":""place_name"",""FineTypeA3"":""location"",""FineTypeA4"":""person"",""FineTypeB0"":""place_name"",""FineTypeB1"":""bank"",""FineTypeB2"":""traffic"",""FineTypeB3"":""country"",""FineTypeB4"":""person identifier"",""NA0"":{""on"":false},""NA1"":{""on"":false},""NA2"":{""on"":false},""NA3"":{""on"":false},""NA4"":{""on"":false}}]"
"3D4BBDG7ZH98SHDAVJTZT38ODB83CG","3S3GY25K17OBMZ4A1VAM63J385YKZK","中文词语分类 (entity classification/typing)","标注语句中的词语所代表的实体 的种类","chinese, text, classification, entity, named entity, type, typing, mention, nlp, natural language processing, text mining","$0.10","Tue Oct 08 02:29:23 PDT 2019","4","BatchId:3793008;OriginalHitTemplateId:928390909;","3600","604800","Tue Oct 15 02:29:23 PDT 2019","","","3FDJT1UU75LWCEAWRH3RL3F26HZK5I","AWUNZYCD5CZBE","Submitted","Wed Oct 09 13:30:02 PDT 2019","Wed Oct 09 13:39:56 PDT 2019","Wed Oct 16 13:39:56 PDT 2019","","","","594","0% (0/0)","0% (0/0)","0% (0/0)","18907","16317","9065","18861","15242","在他开车走到平泉的时候，车子突然翻车，受伤很严重，但是他不敢去<mark>医院</mark>救治，于是躲在一农户的家里治疗，也不敢说出自己的真实情况。","”\德拉吉还表示，欧洲央<mark>欧洲央行</mark>有偿付能力的银行提供所有的必要流动性。","【哈尔滨“婴儿<mark>安全岛</mark>”投用】地约53平方米，造价30万元，内有换气扇、小床、保温箱、延时报警装置等——这间粉色的“婴儿安全岛”于1月8日正式在哈市启用，位于哈尔滨大街的哈市儿童福利院大门口南侧，门口和屋顶设有卡通形象的婴儿安全岛指示标志。","据悉，上海艺术人文频道从去年转播柏林爱乐在<mark>维也纳</mark>的欧洲音乐会开始，独家引进这项音乐盛事的国内电视版权，让国内观众能够欣赏到又一顶级音乐盛会。","毕加索于１８８１年出生在西班牙南部马拉加，父亲是位画师，他以自己的直觉意识到儿子的艺术天赋，便鼓励<mark>毕加索</mark>去巴塞罗那和马德里学习美术。","医院","欧洲央行","安全岛","维也纳","毕加索","[{""FineTypeA0"":""hospital"",""FineTypeA1"":""central bank"",""FineTypeA3"":""country"",""FineTypeA4"":""painter"",""FineTypeB0"":""醫療機構"",""FineTypeB1"":""金融机构"",""FineTypeB3"":""國家"",""FineTypeB4"":""畫家"",""NA0"":{""on"":false},""NA1"":{""on"":false},""NA2"":{""on"":true},""NA3"":{""on"":false},""NA4"":{""on"":false}}]"
"3D4BBDG7ZH98SHDAVJTZT38ODB83CG","3S3GY25K17OBMZ4A1VAM63J385YKZK","中文词语分类 (entity classification/typing)","标注语句中的词语所代表的实体 的种类","chinese, text, classification, entity, named entity, type, typing, mention, nlp, natural language processing, text mining","$0.10","Tue Oct 08 02:29:23 PDT 2019","4","BatchId:3793008;OriginalHitTemplateId:928390909;","3600","604800","Tue Oct 15 02:29:23 PDT 2019","","","3QIYRE09Y4UYW2UGN7TVA5JPOMBN10","A3BHWNI7NMNI15","Submitted","Tue Oct 08 07:14:22 PDT 2019","Tue Oct 08 07:18:30 PDT 2019","Tue Oct 15 07:18:30 PDT 2019","","","","248","0% (0/0)","0% (0/0)","0% (0/0)","18907","16317","9065","18861","15242","在他开车走到平泉的时候，车子突然翻车，受伤很严重，但是他不敢去<mark>医院</mark>救治，于是躲在一农户的家里治疗，也不敢说出自己的真实情况。","”\德拉吉还表示，欧洲央<mark>欧洲央行</mark>有偿付能力的银行提供所有的必要流动性。","【哈尔滨“婴儿<mark>安全岛</mark>”投用】地约53平方米，造价30万元，内有换气扇、小床、保温箱、延时报警装置等——这间粉色的“婴儿安全岛”于1月8日正式在哈市启用，位于哈尔滨大街的哈市儿童福利院大门口南侧，门口和屋顶设有卡通形象的婴儿安全岛指示标志。","据悉，上海艺术人文频道从去年转播柏林爱乐在<mark>维也纳</mark>的欧洲音乐会开始，独家引进这项音乐盛事的国内电视版权，让国内观众能够欣赏到又一顶级音乐盛会。","毕加索于１８８１年出生在西班牙南部马拉加，父亲是位画师，他以自己的直觉意识到儿子的艺术天赋，便鼓励<mark>毕加索</mark>去巴塞罗那和马德里学习美术。","医院","欧洲央行","安全岛","维也纳","毕加索","[{""FineTypeA0"":""location"",""FineTypeA1"":""financial institution"",""FineTypeA3"":""location"",""FineTypeA4"":""artist"",""FineTypeB0"":""medical organization"",""FineTypeB1"":""international organization"",""FineTypeB3"":""city"",""FineTypeB4"":""person"",""NA0"":{""on"":false},""NA1"":{""on"":false},""NA2"":{""on"":true},""NA3"":{""on"":false},""NA4"":{""on"":false}}]"
"32PT7WK7DMSIX9JOVFOAD9Q6YBK3DG","3S3GY25K17OBMZ4A1VAM63J385YKZK","中文词语分类 (entity classification/typing)","标注语句中的词语所代表的实体 的种类","chinese, text, classification, entity, named entity, type, typing, mention, nlp, natural language processing, text mining","$0.10","Tue Oct 08 02:29:23 PDT 2019","4","BatchId:3793008;OriginalHitTemplateId:928390909;","3600","604800","Tue Oct 15 02:29:23 PDT 2019","","","3GLB5JMZFY8ME5T6GW0VLNB1C7ZDGF","A24Y1NVEEY1ADM","Submitted","Tue Oct 08 08:11:50 PDT 2019","Tue Oct 08 08:14:17 PDT 2019","Tue Oct 15 08:14:17 PDT 2019","","","","147","0% (0/0)","0% (0/0)","0% (0/0)","17143","18966","17098","14779","1598","如今奔驰E级在国内同时销售国产的长轴距四门版本，以及进口的coupe和敞篷车型，而随着<mark>E200L</mark>的停产，目前最入门的E260L CGI优雅型在市场优惠之后，已经进入了40万元以内，价格相当亲民。","<mark>美军</mark>作为用兵最频繁的军队，女兵已经渗透到了几乎所有的岗位，战斗机飞行员、潜艇舰员、地面战斗部队等。","比起电视剧《北爱》的“清新淡雅”，据传电影《北爱》中二人将有突破尺度的演出，不过<mark>陈思诚</mark>能否真让佟丽娅“豁出去”，只能等影片公映时见分晓。","会上，陈慕华代表全国妇联授予黄菊和上海市市长<mark>徐匡迪</mark>“妇女之友”杯，以感谢他们对妇女事业的支持。","文化部艺术局副局长戴英禄、中国剧协党组成员石宏图、北京艺术研究所所长周传家、天津市艺术研究所<mark>副所长</mark>刘琦等指出，京剧有着丰厚的艺术遗产，尤其是一些传统剧目经过历代演员的舞台实践和反复琢磨，成了久演不衰的保留剧目。","E200L","美军","陈思诚","徐匡迪","副所长","[{""FineTypeA0"":""model"",""FineTypeA1"":""military"",""FineTypeA2"":""person"",""FineTypeA3"":""person"",""FineTypeA4"":""position"",""FineTypeB0"":""transport"",""FineTypeB1"":""army"",""FineTypeB2"":""person identifier"",""FineTypeB3"":""person identifier"",""FineTypeB4"":""art"",""NA0"":{""on"":false},""NA1"":{""on"":false},""NA2"":{""on"":false},""NA3"":{""on"":false},""NA4"":{""on"":false}}]"
"32PT7WK7DMSIX9JOVFOAD9Q6YBK3DG","3S3GY25K17OBMZ4A1VAM63J385YKZK","中文词语分类 (entity classification/typing)","标注语句中的词语所代表的实体 的种类","chinese, text, classification, entity, named entity, type, typing, mention, nlp, natural language processing, text mining","$0.10","Tue Oct 08 02:29:23 PDT 2019","4","BatchId:3793008;OriginalHitTemplateId:928390909;","3600","604800","Tue Oct 15 02:29:23 PDT 2019","","","3UJ1CZ6IZI2U0XN4WQCTCP6CNBI5SQ","AWUNZYCD5CZBE","Submitted","Wed Oct 09 13:41:22 PDT 2019","Wed Oct 09 13:44:52 PDT 2019","Wed Oct 16 13:44:52 PDT 2019","","","","210","0% (0/0)","0% (0/0)","0% (0/0)","17143","18966","17098","14779","1598","如今奔驰E级在国内同时销售国产的长轴距四门版本，以及进口的coupe和敞篷车型，而随着<mark>E200L</mark>的停产，目前最入门的E260L CGI优雅型在市场优惠之后，已经进入了40万元以内，价格相当亲民。","<mark>美军</mark>作为用兵最频繁的军队，女兵已经渗透到了几乎所有的岗位，战斗机飞行员、潜艇舰员、地面战斗部队等。","比起电视剧《北爱》的“清新淡雅”，据传电影《北爱》中二人将有突破尺度的演出，不过<mark>陈思诚</mark>能否真让佟丽娅“豁出去”，只能等影片公映时见分晓。","会上，陈慕华代表全国妇联授予黄菊和上海市市长<mark>徐匡迪</mark>“妇女之友”杯，以感谢他们对妇女事业的支持。","文化部艺术局副局长戴英禄、中国剧协党组成员石宏图、北京艺术研究所所长周传家、天津市艺术研究所<mark>副所长</mark>刘琦等指出，京剧有着丰厚的艺术遗产，尤其是一些传统剧目经过历代演员的舞台实践和反复琢磨，成了久演不衰的保留剧目。","E200L","美军","陈思诚","徐匡迪","副所长","[{""FineTypeA0"":""car classification"",""FineTypeA1"":""army group"",""FineTypeA2"":""演员"",""FineTypeA3"":""mayor"",""FineTypeA4"":""vice president"",""FineTypeB0"":""汽車種類"",""FineTypeB1"":""軍事組織"",""FineTypeB3"":""市長"",""FineTypeB4"":""行政主管"",""NA0"":{""on"":false},""NA1"":{""on"":false},""NA2"":{""on"":true},""NA3"":{""on"":false},""NA4"":{""on"":false}}]"
"32PT7WK7DMSIX9JOVFOAD9Q6YBK3DG","3S3GY25K17OBMZ4A1VAM63J385YKZK","中文词语分类 (entity classification/typing)","标注语句中的词语所代表的实体 的种类","chinese, text, classification, entity, named entity, type, typing, mention, nlp, natural language processing, text mining","$0.10","Tue Oct 08 02:29:23 PDT 2019","4","BatchId:3793008;OriginalHitTemplateId:928390909;","3600","604800","Tue Oct 15 02:29:23 PDT 2019","","","3WT783CTPCUGIWFH0ED6062MBUQCBS","A3BHWNI7NMNI15","Submitted","Tue Oct 08 07:33:21 PDT 2019","Tue Oct 08 07:38:17 PDT 2019","Tue Oct 15 07:38:17 PDT 2019","","","","296","0% (0/0)","0% (0/0)","0% (0/0)","17143","18966","17098","14779","1598","如今奔驰E级在国内同时销售国产的长轴距四门版本，以及进口的coupe和敞篷车型，而随着<mark>E200L</mark>的停产，目前最入门的E260L CGI优雅型在市场优惠之后，已经进入了40万元以内，价格相当亲民。","<mark>美军</mark>作为用兵最频繁的军队，女兵已经渗透到了几乎所有的岗位，战斗机飞行员、潜艇舰员、地面战斗部队等。","比起电视剧《北爱》的“清新淡雅”，据传电影《北爱》中二人将有突破尺度的演出，不过<mark>陈思诚</mark>能否真让佟丽娅“豁出去”，只能等影片公映时见分晓。","会上，陈慕华代表全国妇联授予黄菊和上海市市长<mark>徐匡迪</mark>“妇女之友”杯，以感谢他们对妇女事业的支持。","文化部艺术局副局长戴英禄、中国剧协党组成员石宏图、北京艺术研究所所长周传家、天津市艺术研究所<mark>副所长</mark>刘琦等指出，京剧有着丰厚的艺术遗产，尤其是一些传统剧目经过历代演员的舞台实践和反复琢磨，成了久演不衰的保留剧目。","E200L","美军","陈思诚","徐匡迪","副所长","[{""FineTypeA0"":""car"",""FineTypeA1"":""military organization"",""FineTypeA2"":""star"",""FineTypeA3"":""person"",""FineTypeA4"":""person"",""FineTypeB0"":""machine"",""FineTypeB1"":""armed organization"",""FineTypeB2"":""performer"",""FineTypeB3"":""mayor"",""NA0"":{""on"":false},""NA1"":{""on"":false},""NA2"":{""on"":false},""NA3"":{""on"":false},""NA4"":{""on"":true}}]"
"30EMX9PEVKWUVWADDBBYPUT8A0GKS2","3S3GY25K17OBMZ4A1VAM63J385YKZK","中文词语分类 (entity classification/typing)","标注语句中的词语所代表的实体 的种类","chinese, text, classification, entity, named entity, type, typing, mention, nlp, natural language processing, text mining","$0.10","Tue Oct 08 02:29:23 PDT 2019","4","BatchId:3793008;OriginalHitTemplateId:928390909;","3600","604800","Tue Oct 15 02:29:23 PDT 2019","","","3137ONMDKHIR6B76CRBFR5TMCJ2GED","A24Y1NVEEY1ADM","Submitted","Tue Oct 08 08:29:48 PDT 2019","Tue Oct 08 08:31:33 PDT 2019","Tue Oct 15 08:31:33 PDT 2019","","","","105","0% (0/0)","0% (0/0)","0% (0/0)","14808","18943","13752","18322","1883","４月５日至８日，钱其琛在中共福建省委书记陈明义、省长贺国强的陪同下，先后考察了南平、福州、厦门、<mark>泉州</mark>等地的一些旅游基础设施、开发区、三资企业和华侨大学，会见了台港工商团体负责人，出席了首届厦门对台出口商品交易会暨’９７台胞回乡旅游购物节的开幕式，并听取了福建省委、省政府的工作汇报。","近期，著名评论员<mark>杨禹</mark>、张彬以及荣宝斋书画评论员姚凤林先生齐聚北京电视台《有一说一》，热议：《富春山居图》，璧合来了！","值得欣慰的是，长篇传记作品《张浩传奇》（<mark>珠海出版社</mark>出版），通过严谨的考证，翔实的史料，精心的构思和朴实而不乏灵动的笔触，浓墨重彩地描绘出半个世纪前那一幕波澜壮阔的历史画卷，从而再现了张浩充满传奇色彩的革命生涯，再现了张浩的性格魅力和人格光辉。","在这份获奖名单中，江苏共有11名运动员入选，分别是陈金、成淑、王适娴、杨曾、刘利平、张华、<mark>唐建</mark>、王磊、巫叶秋胤、周溢和邱挑。","<mark>他们</mark>便千方百计找到供货厂家，仅此一项每年可省下27万元。","泉州","杨禹","珠海出版社","唐建","他们","[{""FineTypeA0"":""location"",""FineTypeA1"":""person"",""FineTypeA2"":""publisher"",""FineTypeA3"":""person"",""FineTypeA4"":""company"",""FineTypeB0"":""city"",""FineTypeB1"":""person identifier"",""FineTypeB2"":""location"",""FineTypeB3"":""person identifier"",""FineTypeB4"":""trade"",""NA0"":{""on"":false},""NA1"":{""on"":false},""NA2"":{""on"":false},""NA3"":{""on"":false},""NA4"":{""on"":false}}]"
"30EMX9PEVKWUVWADDBBYPUT8A0GKS2","3S3GY25K17OBMZ4A1VAM63J385YKZK","中文词语分类 (entity classification/typing)","标注语句中的词语所代表的实体 的种类","chinese, text, classification, entity, named entity, type, typing, mention, nlp, natural language processing, text mining","$0.10","Tue Oct 08 02:29:23 PDT 2019","4","BatchId:3793008;OriginalHitTemplateId:928390909;","3600","604800","Tue Oct 15 02:29:23 PDT 2019","","","34J10VATJGBUZ536B66I6YVGAZDIQE","A3BHWNI7NMNI15","Submitted","Tue Oct 08 07:46:26 PDT 2019","Tue Oct 08 07:50:28 PDT 2019","Tue Oct 15 07:50:28 PDT 2019","","","","242","0% (0/0)","0% (0/0)","0% (0/0)","14808","18943","13752","18322","1883","４月５日至８日，钱其琛在中共福建省委书记陈明义、省长贺国强的陪同下，先后考察了南平、福州、厦门、<mark>泉州</mark>等地的一些旅游基础设施、开发区、三资企业和华侨大学，会见了台港工商团体负责人，出席了首届厦门对台出口商品交易会暨’９７台胞回乡旅游购物节的开幕式，并听取了福建省委、省政府的工作汇报。","近期，著名评论员<mark>杨禹</mark>、张彬以及荣宝斋书画评论员姚凤林先生齐聚北京电视台《有一说一》，热议：《富春山居图》，璧合来了！","值得欣慰的是，长篇传记作品《张浩传奇》（<mark>珠海出版社</mark>出版），通过严谨的考证，翔实的史料，精心的构思和朴实而不乏灵动的笔触，浓墨重彩地描绘出半个世纪前那一幕波澜壮阔的历史画卷，从而再现了张浩充满传奇色彩的革命生涯，再现了张浩的性格魅力和人格光辉。","在这份获奖名单中，江苏共有11名运动员入选，分别是陈金、成淑、王适娴、杨曾、刘利平、张华、<mark>唐建</mark>、王磊、巫叶秋胤、周溢和邱挑。","<mark>他们</mark>便千方百计找到供货厂家，仅此一项每年可省下27万元。","泉州","杨禹","珠海出版社","唐建","他们","[{""FineTypeA0"":""location"",""FineTypeA1"":""critic"",""FineTypeA2"":""publisher"",""FineTypeA3"":""person"",""FineTypeB0"":""city"",""FineTypeB1"":""person"",""FineTypeB2"":""company"",""FineTypeB3"":""sportsman"",""NA0"":{""on"":false},""NA1"":{""on"":false},""NA2"":{""on"":false},""NA3"":{""on"":false},""NA4"":{""on"":true}}]"
"30EMX9PEVKWUVWADDBBYPUT8A0GKS2","3S3GY25K17OBMZ4A1VAM63J385YKZK","中文词语分类 (entity classification/typing)","标注语句中的词语所代表的实体 的种类","chinese, text, classification, entity, named entity, type, typing, mention, nlp, natural language processing, text mining","$0.10","Tue Oct 08 02:29:23 PDT 2019","4","BatchId:3793008;OriginalHitTemplateId:928390909;","3600","604800","Tue Oct 15 02:29:23 PDT 2019","","","3OLQQLKKNT21XDX7KXWIOIL24LCEJS","AWUNZYCD5CZBE","Submitted","Wed Oct 09 14:01:02 PDT 2019","Wed Oct 09 14:03:13 PDT 2019","Wed Oct 16 14:03:13 PDT 2019","","","","131","0% (0/0)","0% (0/0)","0% (0/0)","14808","18943","13752","18322","1883","４月５日至８日，钱其琛在中共福建省委书记陈明义、省长贺国强的陪同下，先后考察了南平、福州、厦门、<mark>泉州</mark>等地的一些旅游基础设施、开发区、三资企业和华侨大学，会见了台港工商团体负责人，出席了首届厦门对台出口商品交易会暨’９７台胞回乡旅游购物节的开幕式，并听取了福建省委、省政府的工作汇报。","近期，著名评论员<mark>杨禹</mark>、张彬以及荣宝斋书画评论员姚凤林先生齐聚北京电视台《有一说一》，热议：《富春山居图》，璧合来了！","值得欣慰的是，长篇传记作品《张浩传奇》（<mark>珠海出版社</mark>出版），通过严谨的考证，翔实的史料，精心的构思和朴实而不乏灵动的笔触，浓墨重彩地描绘出半个世纪前那一幕波澜壮阔的历史画卷，从而再现了张浩充满传奇色彩的革命生涯，再现了张浩的性格魅力和人格光辉。","在这份获奖名单中，江苏共有11名运动员入选，分别是陈金、成淑、王适娴、杨曾、刘利平、张华、<mark>唐建</mark>、王磊、巫叶秋胤、周溢和邱挑。","<mark>他们</mark>便千方百计找到供货厂家，仅此一项每年可省下27万元。","泉州","杨禹","珠海出版社","唐建","他们","[{""FineTypeA0"":""location"",""FineTypeA1"":""critic"",""FineTypeA2"":""publisher"",""FineTypeA3"":""運動員"",""FineTypeB0"":""地名"",""FineTypeB1"":""評論家"",""FineTypeB2"":""出版社品牌"",""FineTypeB3"":""athlete"",""NA0"":{""on"":false},""NA1"":{""on"":false},""NA2"":{""on"":false},""NA3"":{""on"":false},""NA4"":{""on"":true}}]"
"34YWR3PJ28N0ENP83S735IVRBHC0XK","3S3GY25K17OBMZ4A1VAM63J385YKZK","中文词语分类 (entity classification/typing)","标注语句中的词语所代表的实体 的种类","chinese, text, classification, entity, named entity, type, typing, mention, nlp, natural language processing, text mining","$0.10","Tue Oct 08 02:29:24 PDT 2019","4","BatchId:3793008;OriginalHitTemplateId:928390909;","3600","604800","Tue Oct 15 02:29:24 PDT 2019","","","3H8DHMCCWAORGRPP6NLAJF3UJOKDKM","A24Y1NVEEY1ADM","Submitted","Tue Oct 08 08:37:25 PDT 2019","Tue Oct 08 08:38:42 PDT 2019","Tue Oct 15 08:38:42 PDT 2019","","","","77","0% (0/0)","0% (0/0)","0% (0/0)","16923","13804","8073","13900","14530","最先赶到的村民奋不顾身地脱下外套跳进了刺骨的河水中，而附近<mark>长潭水库管理局</mark>也在第一时间通过放水降低水面高度来营救被困人员。","<mark>彭丹</mark>告诉我，她现在非常谨慎，做什么事都认真思考，而且严格要求自己做好。","而在夏天，国产圆珠笔芯出油又过猛，好像天冷时憋足了劲，天热时迫不及待要喷发出来;<mark>你</mark>一不留神把圆珠笔插进衬衫口袋里，过一会儿一看，笔油已在衬衫上洇了一片，很难洗净，也许一件高昂价格的名牌衬衫就此毁了。","近几年，关于<mark>钱钟书</mark>先生的创作与学术的著作逐渐地多起来，这无疑是一件好事。","如今的松江有护村队３１５支，像<mark>唐梅娟</mark>这样的护村队员有３０４７名。","长潭水库管理局","彭丹","你","钱钟书","唐梅娟","[{""FineTypeA0"":""government agency"",""FineTypeA1"":""person"",""FineTypeA2"":""person"",""FineTypeA3"":""person"",""FineTypeA4"":""person"",""FineTypeB0"":""dam"",""FineTypeB1"":""person identifier"",""FineTypeB2"":""person identifier"",""FineTypeB3"":""person identifier"",""FineTypeB4"":""person identifier"",""NA0"":{""on"":false},""NA1"":{""on"":false},""NA2"":{""on"":false},""NA3"":{""on"":false},""NA4"":{""on"":false}}]"
"34YWR3PJ28N0ENP83S735IVRBHC0XK","3S3GY25K17OBMZ4A1VAM63J385YKZK","中文词语分类 (entity classification/typing)","标注语句中的词语所代表的实体 的种类","chinese, text, classification, entity, named entity, type, typing, mention, nlp, natural language processing, text mining","$0.10","Tue Oct 08 02:29:24 PDT 2019","4","BatchId:3793008;OriginalHitTemplateId:928390909;","3600","604800","Tue Oct 15 02:29:24 PDT 2019","","","3KKG4CDWKJBUZZN59FTSQ2V8VHQ49H","A3BHWNI7NMNI15","Submitted","Tue Oct 08 05:58:34 PDT 2019","Tue Oct 08 06:05:04 PDT 2019","Tue Oct 15 06:05:04 PDT 2019","","","","390","0% (0/0)","0% (0/0)","0% (0/0)","16923","13804","8073","13900","14530","最先赶到的村民奋不顾身地脱下外套跳进了刺骨的河水中，而附近<mark>长潭水库管理局</mark>也在第一时间通过放水降低水面高度来营救被困人员。","<mark>彭丹</mark>告诉我，她现在非常谨慎，做什么事都认真思考，而且严格要求自己做好。","而在夏天，国产圆珠笔芯出油又过猛，好像天冷时憋足了劲，天热时迫不及待要喷发出来;<mark>你</mark>一不留神把圆珠笔插进衬衫口袋里，过一会儿一看，笔油已在衬衫上洇了一片，很难洗净，也许一件高昂价格的名牌衬衫就此毁了。","近几年，关于<mark>钱钟书</mark>先生的创作与学术的著作逐渐地多起来，这无疑是一件好事。","如今的松江有护村队３１５支，像<mark>唐梅娟</mark>这样的护村队员有３０４７名。","长潭水库管理局","彭丹","你","钱钟书","唐梅娟","[{""FineTypeA0"":""government agency"",""FineTypeA3"":""writer"",""FineTypeA4"":""citizen"",""FineTypeB0"":""water management"",""FineTypeB3"":""scholar"",""FineTypeB4"":""guard"",""NA0"":{""on"":false},""NA1"":{""on"":true},""NA2"":{""on"":true},""NA3"":{""on"":false},""NA4"":{""on"":false}}]"
"3M0556243SXMZXQU443FANRXF5RFNJ","3S3GY25K17OBMZ4A1VAM63J385YKZK","中文词语分类 (entity classification/typing)","标注语句中的词语所代表的实体 的种类","chinese, text, classification, entity, named entity, type, typing, mention, nlp, natural language processing, text mining","$0.10","Tue Oct 08 02:29:24 PDT 2019","4","BatchId:3793008;OriginalHitTemplateId:928390909;","3600","604800","Tue Oct 15 02:29:24 PDT 2019","","","3A4TN5196LVQ99I306N2MH5K670HCI","A24Y1NVEEY1ADM","Submitted","Tue Oct 08 08:14:21 PDT 2019","Tue Oct 08 08:17:14 PDT 2019","Tue Oct 15 08:17:14 PDT 2019","","","","173","0% (0/0)","0% (0/0)","0% (0/0)","6624","335","14946","16198","19028","他们<mark>自己</mark>不热心学习电脑知识，也不在学校推广。","在这辞旧迎新的喜庆时刻，我代表中共中央、国务院、<mark>中央军委</mark>，向各民主党派、全国工商联和无党派爱国人士，向全国广大工人、农民、知识分子和干部，向人民解放军指战员、武警官兵、公安干警，向香港特别行政区同胞、澳门同胞、台湾同胞和海外侨胞，向关心和帮助中国现代化建设的国际友人，表示良好的祝愿!祝大家新年好!","近两年来，新成立的<mark>旅游部</mark>首先为大力发展旅游业制定政策和规划蓝图：","尽管大部分的设计元素来自揽胜，但运动版车型的细节设计更突出了运动的定位从最新的效果图来并结合谍照来看，不出所料，新一代<mark>揽胜运动版</mark>与新揽胜共享了大部分的设计元素，只是在细节设计方面更加凸显其运动定位。","<mark>曹国伟</mark>透露，“现在有800万的海外中文用户都在使用新浪微博，包括香港、台湾，所以说在海外市场上，我们也是很受欢迎的，国际化的程度在这个意义上来说很高。","自己","中央军委","旅游部","揽胜运动版","曹国伟","[{""FineTypeA0"":""person"",""FineTypeA1"":""government agency"",""FineTypeA2"":""government agency"",""FineTypeA3"":""transport"",""FineTypeA4"":""person"",""FineTypeB0"":""self-regulatory organization"",""FineTypeB1"":""military"",""FineTypeB2"":""tourist"",""FineTypeB3"":""model"",""FineTypeB4"":""person identifier"",""NA0"":{""on"":false},""NA1"":{""on"":false},""NA2"":{""on"":false},""NA3"":{""on"":false},""NA4"":{""on"":false}}]"
"3M0556243SXMZXQU443FANRXF5RFNJ","3S3GY25K17OBMZ4A1VAM63J385YKZK","中文词语分类 (entity classification/typing)","标注语句中的词语所代表的实体 的种类","chinese, text, classification, entity, named entity, type, typing, mention, nlp, natural language processing, text mining","$0.10","Tue Oct 08 02:29:24 PDT 2019","4","BatchId:3793008;OriginalHitTemplateId:928390909;","3600","604800","Tue Oct 15 02:29:24 PDT 2019","","","3ATPCQ38J9NO2PBUQSVZ2MAZW0EAYU","A3BHWNI7NMNI15","Submitted","Tue Oct 08 06:26:48 PDT 2019","Tue Oct 08 06:38:03 PDT 2019","Tue Oct 15 06:38:03 PDT 2019","","","","675","0% (0/0)","0% (0/0)","0% (0/0)","6624","335","14946","16198","19028","他们<mark>自己</mark>不热心学习电脑知识，也不在学校推广。","在这辞旧迎新的喜庆时刻，我代表中共中央、国务院、<mark>中央军委</mark>，向各民主党派、全国工商联和无党派爱国人士，向全国广大工人、农民、知识分子和干部，向人民解放军指战员、武警官兵、公安干警，向香港特别行政区同胞、澳门同胞、台湾同胞和海外侨胞，向关心和帮助中国现代化建设的国际友人，表示良好的祝愿!祝大家新年好!","近两年来，新成立的<mark>旅游部</mark>首先为大力发展旅游业制定政策和规划蓝图：","尽管大部分的设计元素来自揽胜，但运动版车型的细节设计更突出了运动的定位从最新的效果图来并结合谍照来看，不出所料，新一代<mark>揽胜运动版</mark>与新揽胜共享了大部分的设计元素，只是在细节设计方面更加凸显其运动定位。","<mark>曹国伟</mark>透露，“现在有800万的海外中文用户都在使用新浪微博，包括香港、台湾，所以说在海外市场上，我们也是很受欢迎的，国际化的程度在这个意义上来说很高。","自己","中央军委","旅游部","揽胜运动版","曹国伟","[{""FineTypeA1"":""armed organization"",""FineTypeA2"":""government agency"",""FineTypeA4"":""entrepreneur"",""FineTypeB1"":""government agency"",""FineTypeB2"":""organization"",""FineTypeB4"":""director"",""NA0"":{""on"":true},""NA1"":{""on"":false},""NA2"":{""on"":false},""NA3"":{""on"":true},""NA4"":{""on"":false}}]"
"3UQ1LLR26AL1F661HB18JUCHDUEALZ","3S3GY25K17OBMZ4A1VAM63J385YKZK","中文词语分类 (entity classification/typing)","标注语句中的词语所代表的实体 的种类","chinese, text, classification, entity, named entity, type, typing, mention, nlp, natural language processing, text mining","$0.10","Tue Oct 08 02:29:24 PDT 2019","4","BatchId:3793008;OriginalHitTemplateId:928390909;","3600","604800","Tue Oct 15 02:29:24 PDT 2019","","","3AUQQEL7U66BXII7TFBM6HUS5XA0VU","A3BHWNI7NMNI15","Submitted","Tue Oct 08 07:38:17 PDT 2019","Tue Oct 08 07:40:28 PDT 2019","Tue Oct 15 07:40:28 PDT 2019","","","","131","0% (0/0)","0% (0/0)","0% (0/0)","16096","12403","1277","8893","14829","本案中，被告张某指使<mark>杨某</mark>向法院提起诉讼并作虚假陈述，目的是为了损害其他债权人的合法权益，张某的行为符合妨害作证罪中“指使他人作伪证”的情形，故法院对其以妨害作证罪处刑三年。","在这美好的季节，承蒙各日中友好团体联合举行规模如此盛大、气氛如此热烈的欢迎招待会，使我有机会同一贯热心于中<mark>日</mark>友好事业的新老朋友欢聚一堂，感到格外高兴。","<mark>它们</mark>知道避开交通要道，知道在热狗店旁或咬开垃圾袋寻找食物。","解解声音好甜害羞不过说实话，视频上面<mark>解解</mark>和周觅牵手的时候，包括唱歌的时候，笑的不是很多啊，而且看解解的手应该能看出这手牵的好尴尬挖鼻屎挖鼻屎挖鼻屎","台湾许多企业家已经感到，在岛内投资，困难越来越大，企业发展的前途在祖国<mark>大陆</mark>，找市场也在祖国大陆。","杨某","日","它们","解解","大陆","[{""FineTypeA0"":""criminal"",""FineTypeA1"":""nation"",""FineTypeA2"":""animal"",""FineTypeA4"":""location"",""FineTypeB0"":""person"",""FineTypeB1"":""location"",""FineTypeB2"":""creature"",""FineTypeB4"":""nation"",""NA0"":{""on"":false},""NA1"":{""on"":false},""NA2"":{""on"":false},""NA3"":{""on"":true},""NA4"":{""on"":false}}]"
"3UQ1LLR26AL1F661HB18JUCHDUEALZ","3S3GY25K17OBMZ4A1VAM63J385YKZK","中文词语分类 (entity classification/typing)","标注语句中的词语所代表的实体 的种类","chinese, text, classification, entity, named entity, type, typing, mention, nlp, natural language processing, text mining","$0.10","Tue Oct 08 02:29:24 PDT 2019","4","BatchId:3793008;OriginalHitTemplateId:928390909;","3600","604800","Tue Oct 15 02:29:24 PDT 2019","","","3WQQ9FUS6B7E6TP4J2X1YK63L3BB8R","A24Y1NVEEY1ADM","Submitted","Tue Oct 08 08:19:19 PDT 2019","Tue Oct 08 08:21:59 PDT 2019","Tue Oct 15 08:21:59 PDT 2019","","","","160","0% (0/0)","0% (0/0)","0% (0/0)","16096","12403","1277","8893","14829","本案中，被告张某指使<mark>杨某</mark>向法院提起诉讼并作虚假陈述，目的是为了损害其他债权人的合法权益，张某的行为符合妨害作证罪中“指使他人作伪证”的情形，故法院对其以妨害作证罪处刑三年。","在这美好的季节，承蒙各日中友好团体联合举行规模如此盛大、气氛如此热烈的欢迎招待会，使我有机会同一贯热心于中<mark>日</mark>友好事业的新老朋友欢聚一堂，感到格外高兴。","<mark>它们</mark>知道避开交通要道，知道在热狗店旁或咬开垃圾袋寻找食物。","解解声音好甜害羞不过说实话，视频上面<mark>解解</mark>和周觅牵手的时候，包括唱歌的时候，笑的不是很多啊，而且看解解的手应该能看出这手牵的好尴尬挖鼻屎挖鼻屎挖鼻屎","台湾许多企业家已经感到，在岛内投资，困难越来越大，企业发展的前途在祖国<mark>大陆</mark>，找市场也在祖国大陆。","杨某","日","它们","解解","大陆","[{""FineTypeA0"":""person"",""FineTypeA1"":""location"",""FineTypeA2"":""animal"",""FineTypeA3"":""person"",""FineTypeA4"":""location"",""FineTypeB0"":""person identifier"",""FineTypeB1"":""country"",""FineTypeB2"":""identification"",""FineTypeB3"":""media"",""FineTypeB4"":""country"",""NA0"":{""on"":false},""NA1"":{""on"":false},""NA2"":{""on"":false},""NA3"":{""on"":false},""NA4"":{""on"":false}}]"
"3WGZLY9VCHZ4Y6PU7WJ64QYHEXC8DD","3S3GY25K17OBMZ4A1VAM63J385YKZK","中文词语分类 (entity classification/typing)","标注语句中的词语所代表的实体 的种类","chinese, text, classification, entity, named entity, type, typing, mention, nlp, natural language processing, text mining","$0.10","Tue Oct 08 02:29:24 PDT 2019","4","BatchId:3793008;OriginalHitTemplateId:928390909;","3600","604800","Tue Oct 15 02:29:24 PDT 2019","","","32EYX73OY1MZKXD6I2KWURTW0G8UR5","A24Y1NVEEY1ADM","Submitted","Tue Oct 08 08:35:17 PDT 2019","Tue Oct 08 08:37:21 PDT 2019","Tue Oct 15 08:37:21 PDT 2019","","","","124","0% (0/0)","0% (0/0)","0% (0/0)","18647","4469","15444","8760","11867","<mark>腾讯娱乐</mark>讯2013年7月6日香港歌手谢安琪(微博)(Kay)去年跟环球解约后高调空降星焕，被记者独家爆料指她转投新公司后被投闲置散，新专辑和红馆演唱会均推出无期。","此次研讨会中方汇集了农业部、林业部、<mark>水利部</mark>、电力部、国务院三峡办、中国长江技术经济学会、中国人民外交学会、石油天然气总公司以及云、贵、川、鄂、湘等有关方面的专家学者;日方参加的都是政治、经济和科技界的知名人士。","当我们的手机作为一个平台，<mark>SNS</mark>作为一个平台，微博作为一个平台的时候，很多互联网应用就可以作为一个内化的App的形式嵌入到SNS或手机平台里面。","新浪微博客户端升级了信息流图片加载速度提升；发布器支持多张图片一键分享；<mark>新增</mark>、浪小花表情。","<mark>德国</mark>政府坚持“一个中国”政策。","腾讯娱乐","水利部","SNS","新增","德国","[{""FineTypeA0"":""company"",""FineTypeA1"":""government agency"",""FineTypeA2"":""application"",""FineTypeA4"":""location"",""FineTypeB0"":""media"",""FineTypeB1"":""water"",""FineTypeB2"":""web application"",""FineTypeB4"":""country"",""NA0"":{""on"":false},""NA1"":{""on"":false},""NA2"":{""on"":false},""NA3"":{""on"":true},""NA4"":{""on"":false}}]"
"3WGZLY9VCHZ4Y6PU7WJ64QYHEXC8DD","3S3GY25K17OBMZ4A1VAM63J385YKZK","中文词语分类 (entity classification/typing)","标注语句中的词语所代表的实体 的种类","chinese, text, classification, entity, named entity, type, typing, mention, nlp, natural language processing, text mining","$0.10","Tue Oct 08 02:29:24 PDT 2019","4","BatchId:3793008;OriginalHitTemplateId:928390909;","3600","604800","Tue Oct 15 02:29:24 PDT 2019","","","3RJSC4XJ117UZO3SNOT92J0TS9705M","A3BHWNI7NMNI15","Submitted","Tue Oct 08 07:26:50 PDT 2019","Tue Oct 08 07:33:21 PDT 2019","Tue Oct 15 07:33:21 PDT 2019","","","","391","0% (0/0)","0% (0/0)","0% (0/0)","18647","4469","15444","8760","11867","<mark>腾讯娱乐</mark>讯2013年7月6日香港歌手谢安琪(微博)(Kay)去年跟环球解约后高调空降星焕，被记者独家爆料指她转投新公司后被投闲置散，新专辑和红馆演唱会均推出无期。","此次研讨会中方汇集了农业部、林业部、<mark>水利部</mark>、电力部、国务院三峡办、中国长江技术经济学会、中国人民外交学会、石油天然气总公司以及云、贵、川、鄂、湘等有关方面的专家学者;日方参加的都是政治、经济和科技界的知名人士。","当我们的手机作为一个平台，<mark>SNS</mark>作为一个平台，微博作为一个平台的时候，很多互联网应用就可以作为一个内化的App的形式嵌入到SNS或手机平台里面。","新浪微博客户端升级了信息流图片加载速度提升；发布器支持多张图片一键分享；<mark>新增</mark>、浪小花表情。","<mark>德国</mark>政府坚持“一个中国”政策。","腾讯娱乐","水利部","SNS","新增","德国","[{""FineTypeA0"":""news media"",""FineTypeA1"":""government agency"",""FineTypeA2"":""web service"",""FineTypeA4"":""nation"",""FineTypeB1"":""organization"",""FineTypeB2"":""platform"",""FineTypeB4"":""location"",""NA0"":{""on"":true},""NA1"":{""on"":false},""NA2"":{""on"":false},""NA3"":{""on"":true},""NA4"":{""on"":false}}]"
"3N7PQ0KLI52NPFXORAZUJR8RYNL3E9","3S3GY25K17OBMZ4A1VAM63J385YKZK","中文词语分类 (entity classification/typing)","标注语句中的词语所代表的实体 的种类","chinese, text, classification, entity, named entity, type, typing, mention, nlp, natural language processing, text mining","$0.10","Tue Oct 08 02:29:24 PDT 2019","4","BatchId:3793008;OriginalHitTemplateId:928390909;","3600","604800","Tue Oct 15 02:29:24 PDT 2019","","","3F6KKYWMNCESOXAS30DQB7KYDJBNDN","A3BHWNI7NMNI15","Submitted","Tue Oct 08 06:57:39 PDT 2019","Tue Oct 08 07:14:22 PDT 2019","Tue Oct 15 07:14:22 PDT 2019","","","","1003","0% (0/0)","0% (0/0)","0% (0/0)","15010","17460","18224","16954","14084","太阳西下，习习海风吹散了一天的暑热，我们随游人来到位于阿卡普尔科湾北端的<mark>克夫拉达悬崖</mark>看台。","<mark>美军</mark>航母战斗群也每天出动近千架次舰载机。","<mark>瑞纳</mark>提供1.4L和1.6L两款发动机，从配置单来看，其主打为1.4L车型。","靠窗子的地方有一张深咖啡色的书桌，桌上有一架<mark>蒋介石</mark>生前使用的电话，大理石笔筒和一个白色的碗，书桌南侧有一台黑白电视机，还有蒋介石的鸭舌帽与眼镜，并排放在电视机上。","《论晚清满族女作家西林春》（<mark>张菊玲</mark>）、《清末满族诗坛领袖宝廷》（邓伟）、《论八旗文学之分期》（张佳生）、《论曹雪芹、脂砚斋在〈红楼梦〉主题上的知己之见》（曹革成）、《明义〈题红楼梦〉绝句二十首真伪辨正》（曲江）、《避暑山庄御制诗对前人的借鉴》（樊淑媛）等有关满族古典作家的研究论文，体现出满族文学研究正在向纵深延展的趋向。","克夫拉达悬崖","美军","瑞纳","蒋介石","张菊玲","[{""FineTypeA0"":""location"",""FineTypeA1"":""military organization"",""FineTypeA3"":""military officer"",""FineTypeB0"":""rock"",""FineTypeB1"":""armed organization"",""FineTypeB3"":""leader"",""NA0"":{""on"":false},""NA1"":{""on"":false},""NA2"":{""on"":true},""NA3"":{""on"":false},""NA4"":{""on"":true}}]"
"3N7PQ0KLI52NPFXORAZUJR8RYNL3E9","3S3GY25K17OBMZ4A1VAM63J385YKZK","中文词语分类 (entity classification/typing)","标注语句中的词语所代表的实体 的种类","chinese, text, classification, entity, named entity, type, typing, mention, nlp, natural language processing, text mining","$0.10","Tue Oct 08 02:29:24 PDT 2019","4","BatchId:3793008;OriginalHitTemplateId:928390909;","3600","604800","Tue Oct 15 02:29:24 PDT 2019","","","3OHYZ19UGDIC8B7SK5M10VCXI0POAR","AWUNZYCD5CZBE","Submitted","Wed Oct 09 14:04:28 PDT 2019","Wed Oct 09 14:07:43 PDT 2019","Wed Oct 16 14:07:43 PDT 2019","","","","195","0% (0/0)","0% (0/0)","0% (0/0)","15010","17460","18224","16954","14084","太阳西下，习习海风吹散了一天的暑热，我们随游人来到位于阿卡普尔科湾北端的<mark>克夫拉达悬崖</mark>看台。","<mark>美军</mark>航母战斗群也每天出动近千架次舰载机。","<mark>瑞纳</mark>提供1.4L和1.6L两款发动机，从配置单来看，其主打为1.4L车型。","靠窗子的地方有一张深咖啡色的书桌，桌上有一架<mark>蒋介石</mark>生前使用的电话，大理石笔筒和一个白色的碗，书桌南侧有一台黑白电视机，还有蒋介石的鸭舌帽与眼镜，并排放在电视机上。","《论晚清满族女作家西林春》（<mark>张菊玲</mark>）、《清末满族诗坛领袖宝廷》（邓伟）、《论八旗文学之分期》（张佳生）、《论曹雪芹、脂砚斋在〈红楼梦〉主题上的知己之见》（曹革成）、《明义〈题红楼梦〉绝句二十首真伪辨正》（曲江）、《避暑山庄御制诗对前人的借鉴》（樊淑媛）等有关满族古典作家的研究论文，体现出满族文学研究正在向纵深延展的趋向。","克夫拉达悬崖","美军","瑞纳","蒋介石","张菊玲","[{""FineTypeA0"":""旅遊景點"",""FineTypeA1"":""army"",""FineTypeA2"":""汽車制造商"",""FineTypeA3"":""politician"",""FineTypeA4"":""作家"",""FineTypeB0"":""cliff"",""FineTypeB1"":""軍隊"",""FineTypeB2"":""automobile manufacturer"",""FineTypeB3"":""政治活动人士"",""FineTypeB4"":""author"",""NA0"":{""on"":false},""NA1"":{""on"":false},""NA2"":{""on"":false},""NA3"":{""on"":false},""NA4"":{""on"":false}}]"
"3N7PQ0KLI52NPFXORAZUJR8RYNL3E9","3S3GY25K17OBMZ4A1VAM63J385YKZK","中文词语分类 (entity classification/typing)","标注语句中的词语所代表的实体 的种类","chinese, text, classification, entity, named entity, type, typing, mention, nlp, natural language processing, text mining","$0.10","Tue Oct 08 02:29:24 PDT 2019","4","BatchId:3793008;OriginalHitTemplateId:928390909;","3600","604800","Tue Oct 15 02:29:24 PDT 2019","","","3YWRV122CTCT2SYAJTEW3AYRAOL8U8","A24Y1NVEEY1ADM","Submitted","Tue Oct 08 08:38:45 PDT 2019","Tue Oct 08 08:40:19 PDT 2019","Tue Oct 15 08:40:19 PDT 2019","","","","94","0% (0/0)","0% (0/0)","0% (0/0)","15010","17460","18224","16954","14084","太阳西下，习习海风吹散了一天的暑热，我们随游人来到位于阿卡普尔科湾北端的<mark>克夫拉达悬崖</mark>看台。","<mark>美军</mark>航母战斗群也每天出动近千架次舰载机。","<mark>瑞纳</mark>提供1.4L和1.6L两款发动机，从配置单来看，其主打为1.4L车型。","靠窗子的地方有一张深咖啡色的书桌，桌上有一架<mark>蒋介石</mark>生前使用的电话，大理石笔筒和一个白色的碗，书桌南侧有一台黑白电视机，还有蒋介石的鸭舌帽与眼镜，并排放在电视机上。","《论晚清满族女作家西林春》（<mark>张菊玲</mark>）、《清末满族诗坛领袖宝廷》（邓伟）、《论八旗文学之分期》（张佳生）、《论曹雪芹、脂砚斋在〈红楼梦〉主题上的知己之见》（曹革成）、《明义〈题红楼梦〉绝句二十首真伪辨正》（曲江）、《避暑山庄御制诗对前人的借鉴》（樊淑媛）等有关满族古典作家的研究论文，体现出满族文学研究正在向纵深延展的趋向。","克夫拉达悬崖","美军","瑞纳","蒋介石","张菊玲","[{""FineTypeA0"":""location"",""FineTypeA1"":""country"",""FineTypeA2"":""company"",""FineTypeA3"":""person"",""FineTypeA4"":""person"",""FineTypeB0"":""tourist"",""FineTypeB1"":""military"",""FineTypeB2"":""factory"",""FineTypeB3"":""person identifier"",""FineTypeB4"":""person identifier"",""NA0"":{""on"":false},""NA1"":{""on"":false},""NA2"":{""on"":false},""NA3"":{""on"":false},""NA4"":{""on"":false}}]"
"324N5FAHSXOANORH76G30HDF94AKV7","3S3GY25K17OBMZ4A1VAM63J385YKZK","中文词语分类 (entity classification/typing)","标注语句中的词语所代表的实体 的种类","chinese, text, classification, entity, named entity, type, typing, mention, nlp, natural language processing, text mining","$0.10","Tue Oct 08 02:29:29 PDT 2019","4","BatchId:3793008;OriginalHitTemplateId:928390909;","3600","604800","Tue Oct 15 02:29:29 PDT 2019","","","3C8HJ7UOP87P9GUOJHNNPKE1WB1MZB","A3BHWNI7NMNI15","Submitted","Tue Oct 08 06:05:05 PDT 2019","Tue Oct 08 06:23:25 PDT 2019","Tue Oct 15 06:23:25 PDT 2019","","","","1100","0% (0/0)","0% (0/0)","0% (0/0)","9936","3470","9415","11120","8708","全国政协副主席、中共中央统战部部长王兆国，全国政协副主席、<mark>民革中央</mark>主席何鲁丽出席了会议开幕式。","<mark>美国队</mark>的戴肯和汤普森、澳大利亚队的莱莉和布朗、俄罗斯队的波波夫和潘克拉托夫、德国队的阿尔姆西克等泳坛巨星们正磨刀霍霍，力争捍卫荣誉。","本报<mark>纽约</mark>１０月３１日电记者陈特安、周德武报道：今天晚上，美中贸易全国委员会和美国中国商会在纽约举行盛大宴会欢迎江泽民主席。","这两件大事，关系全局，举世瞩目，意义深远，<mark>政协</mark>要为做好这两件大事做出应有的贡献。","骂死丫寒羽良麻麻排山倒海青崖白鹿君曝光遥遥的异想快来曝光色狼啦啦啦<mark>黄小阳</mark>必须曝光。","民革中央","美国队","纽约","政协","黄小阳","[{""FineTypeA0"":""political party"",""FineTypeA1"":""sports team"",""FineTypeA2"":""city"",""FineTypeA3"":""adviser"",""FineTypeA4"":""criminal"",""FineTypeB0"":""political organisation"",""FineTypeB1"":""sports organization"",""FineTypeB3"":""political organisation"",""NA0"":{""on"":false},""NA1"":{""on"":false},""NA2"":{""on"":true},""NA3"":{""on"":false},""NA4"":{""on"":true}}]"
"324N5FAHSXOANORH76G30HDF94AKV7","3S3GY25K17OBMZ4A1VAM63J385YKZK","中文词语分类 (entity classification/typing)","标注语句中的词语所代表的实体 的种类","chinese, text, classification, entity, named entity, type, typing, mention, nlp, natural language processing, text mining","$0.10","Tue Oct 08 02:29:29 PDT 2019","4","BatchId:3793008;OriginalHitTemplateId:928390909;","3600","604800","Tue Oct 15 02:29:29 PDT 2019","","","3LEP4MGT3HDQNOLV0A8HKCK4WU5DBW","A24Y1NVEEY1ADM","Submitted","Tue Oct 08 07:56:53 PDT 2019","Tue Oct 08 08:00:43 PDT 2019","Tue Oct 15 08:00:43 PDT 2019","","","","230","0% (0/0)","0% (0/0)","0% (0/0)","9936","3470","9415","11120","8708","全国政协副主席、中共中央统战部部长王兆国，全国政协副主席、<mark>民革中央</mark>主席何鲁丽出席了会议开幕式。","<mark>美国队</mark>的戴肯和汤普森、澳大利亚队的莱莉和布朗、俄罗斯队的波波夫和潘克拉托夫、德国队的阿尔姆西克等泳坛巨星们正磨刀霍霍，力争捍卫荣誉。","本报<mark>纽约</mark>１０月３１日电记者陈特安、周德武报道：今天晚上，美中贸易全国委员会和美国中国商会在纽约举行盛大宴会欢迎江泽民主席。","这两件大事，关系全局，举世瞩目，意义深远，<mark>政协</mark>要为做好这两件大事做出应有的贡献。","骂死丫寒羽良麻麻排山倒海青崖白鹿君曝光遥遥的异想快来曝光色狼啦啦啦<mark>黄小阳</mark>必须曝光。","民革中央","美国队","纽约","政协","黄小阳","[{""FineTypeA0"":""government agency"",""FineTypeA1"":""sport association"",""FineTypeA2"":""location"",""FineTypeA3"":""government agency"",""FineTypeA4"":""person"",""FineTypeB0"":""governing body"",""FineTypeB1"":""team sport"",""FineTypeB2"":""city"",""FineTypeB3"":""governing body"",""FineTypeB4"":""identification"",""NA0"":{""on"":false},""NA1"":{""on"":false},""NA2"":{""on"":false},""NA3"":{""on"":false},""NA4"":{""on"":false}}]"
"324N5FAHSXOANORH76G30HDF94AKV7","3S3GY25K17OBMZ4A1VAM63J385YKZK","中文词语分类 (entity classification/typing)","标注语句中的词语所代表的实体 的种类","chinese, text, classification, entity, named entity, type, typing, mention, nlp, natural language processing, text mining","$0.10","Tue Oct 08 02:29:29 PDT 2019","4","BatchId:3793008;OriginalHitTemplateId:928390909;","3600","604800","Tue Oct 15 02:29:29 PDT 2019","","","3N2BF7Y2VR73IVUUDVHGPDAW0QTMH4","A2ZUUP46DME6Z3","Submitted","Tue Oct 08 20:17:32 PDT 2019","Tue Oct 08 20:23:14 PDT 2019","Tue Oct 15 20:23:14 PDT 2019","","","","342","0% (0/0)","0% (0/0)","0% (0/0)","9936","3470","9415","11120","8708","全国政协副主席、中共中央统战部部长王兆国，全国政协副主席、<mark>民革中央</mark>主席何鲁丽出席了会议开幕式。","<mark>美国队</mark>的戴肯和汤普森、澳大利亚队的莱莉和布朗、俄罗斯队的波波夫和潘克拉托夫、德国队的阿尔姆西克等泳坛巨星们正磨刀霍霍，力争捍卫荣誉。","本报<mark>纽约</mark>１０月３１日电记者陈特安、周德武报道：今天晚上，美中贸易全国委员会和美国中国商会在纽约举行盛大宴会欢迎江泽民主席。","这两件大事，关系全局，举世瞩目，意义深远，<mark>政协</mark>要为做好这两件大事做出应有的贡献。","骂死丫寒羽良麻麻排山倒海青崖白鹿君曝光遥遥的异想快来曝光色狼啦啦啦<mark>黄小阳</mark>必须曝光。","民革中央","美国队","纽约","政协","黄小阳","[{""FineTypeA0"":""政治体"",""FineTypeA1"":""体育队"",""FineTypeA2"":""地名"",""FineTypeA3"":""组织"",""FineTypeB0"":""组织"",""FineTypeB1"":""团队"",""FineTypeB2"":""城市"",""FineTypeB3"":""政治体"",""NA0"":{""on"":false},""NA1"":{""on"":false},""NA2"":{""on"":false},""NA3"":{""on"":false},""NA4"":{""on"":true}}]"
"3D06DR5225WLLOOMHN2NJ7R6DZ4AM1","3S3GY25K17OBMZ4A1VAM63J385YKZK","中文词语分类 (entity classification/typing)","标注语句中的词语所代表的实体 的种类","chinese, text, classification, entity, named entity, type, typing, mention, nlp, natural language processing, text mining","$0.10","Tue Oct 08 02:29:24 PDT 2019","4","BatchId:3793008;OriginalHitTemplateId:928390909;","3600","604800","Tue Oct 15 02:29:24 PDT 2019","","","37Z929RLGALWLZYUXMURF5CQ345TSM","A3BHWNI7NMNI15","Submitted","Tue Oct 08 06:46:01 PDT 2019","Tue Oct 08 06:53:26 PDT 2019","Tue Oct 15 06:53:26 PDT 2019","","","","445","0% (0/0)","0% (0/0)","0% (0/0)","17834","12943","1608","18079","9872","此后，杜某仍然做着“老本行”，只是为了逃避公安机关打击，她转战到了<mark>玉环楚门</mark>，在一家湘菜馆楼上租了一间房子，从事卖淫活动。","从黑龙江之滨到云贵川的大三线地区，从<mark>陕</mark>甘革命老区到沿海经济特区，５６万职工深切缅怀他对航空工业的关怀与支持，无限哀思难以言表。","吴邦国说，中国<mark>劳动部</mark>部长李伯勇去年1月访问荷兰时，双方签署了中国劳动部和荷兰社会事务与就业部合作备忘录。","今年4月15日出台的海关新政已经让<mark>李倩</mark>的小店颇受打击，无法通过EMS的邮政清关，而是要走贸易清关，这让小店里的货品价格上浮了15%，“面部护理品和化妆品的税率都是50%，走贸易清关的关税开支让价格优势越来越小了。","两国元首共同倡议成立这个<mark>委员会</mark>，目的在于将中俄友好合作、维护和平、共同发展的思想植根于两国人民中间，使之世代相传，后继有人。","玉环楚门","陕","劳动部","李倩","委员会","[{""FineTypeA0"":""location"",""FineTypeA1"":""location"",""FineTypeA2"":""government agency"",""FineTypeA4"":""institution"",""FineTypeB0"":""town"",""FineTypeB1"":""province"",""FineTypeB2"":""organization"",""FineTypeB4"":""international organization"",""NA0"":{""on"":false},""NA1"":{""on"":false},""NA2"":{""on"":false},""NA3"":{""on"":true},""NA4"":{""on"":false}}]"
"3D06DR5225WLLOOMHN2NJ7R6DZ4AM1","3S3GY25K17OBMZ4A1VAM63J385YKZK","中文词语分类 (entity classification/typing)","标注语句中的词语所代表的实体 的种类","chinese, text, classification, entity, named entity, type, typing, mention, nlp, natural language processing, text mining","$0.10","Tue Oct 08 02:29:24 PDT 2019","4","BatchId:3793008;OriginalHitTemplateId:928390909;","3600","604800","Tue Oct 15 02:29:24 PDT 2019","","","3IFS6Q0HJJW6CLIJ3AVN1YAHSN5SIK","A24Y1NVEEY1ADM","Submitted","Tue Oct 08 08:45:06 PDT 2019","Tue Oct 08 08:47:45 PDT 2019","Tue Oct 15 08:47:45 PDT 2019","","","","159","0% (0/0)","0% (0/0)","0% (0/0)","17834","12943","1608","18079","9872","此后，杜某仍然做着“老本行”，只是为了逃避公安机关打击，她转战到了<mark>玉环楚门</mark>，在一家湘菜馆楼上租了一间房子，从事卖淫活动。","从黑龙江之滨到云贵川的大三线地区，从<mark>陕</mark>甘革命老区到沿海经济特区，５６万职工深切缅怀他对航空工业的关怀与支持，无限哀思难以言表。","吴邦国说，中国<mark>劳动部</mark>部长李伯勇去年1月访问荷兰时，双方签署了中国劳动部和荷兰社会事务与就业部合作备忘录。","今年4月15日出台的海关新政已经让<mark>李倩</mark>的小店颇受打击，无法通过EMS的邮政清关，而是要走贸易清关，这让小店里的货品价格上浮了15%，“面部护理品和化妆品的税率都是50%，走贸易清关的关税开支让价格优势越来越小了。","两国元首共同倡议成立这个<mark>委员会</mark>，目的在于将中俄友好合作、维护和平、共同发展的思想植根于两国人民中间，使之世代相传，后继有人。","玉环楚门","陕","劳动部","李倩","委员会","[{""FineTypeA0"":""location"",""FineTypeA1"":""location"",""FineTypeA2"":""government agency"",""FineTypeA3"":""person"",""FineTypeA4"":""governing body"",""FineTypeB0"":""place_name"",""FineTypeB1"":""province"",""FineTypeB2"":""labor"",""FineTypeB3"":""person identifier"",""FineTypeB4"":""organization"",""NA0"":{""on"":false},""NA1"":{""on"":false},""NA2"":{""on"":false},""NA3"":{""on"":false},""NA4"":{""on"":false}}]"
"3HYV4299H099QC3U3RUQA8G2E9D8E6","3S3GY25K17OBMZ4A1VAM63J385YKZK","中文词语分类 (entity classification/typing)","标注语句中的词语所代表的实体 的种类","chinese, text, classification, entity, named entity, type, typing, mention, nlp, natural language processing, text mining","$0.10","Tue Oct 08 02:29:24 PDT 2019","4","BatchId:3793008;OriginalHitTemplateId:928390909;","3600","604800","Tue Oct 15 02:29:24 PDT 2019","","","3J2UYBXQQMPQIS36S73EUPETOEC06G","AWUNZYCD5CZBE","Submitted","Wed Oct 09 13:45:28 PDT 2019","Wed Oct 09 13:48:31 PDT 2019","Wed Oct 16 13:48:31 PDT 2019","","","","183","0% (0/0)","0% (0/0)","0% (0/0)","15377","1738","17094","17623","14362","<mark>英菲尼迪Q50 2.0T</mark>车型不仅拥有领先同级别其它车型的极佳加速表现，在燃油经济性上也表现优异，完美地实现了高性能和低油耗的最佳平衡，将助推英菲尼迪Q50成为同级别最具竞争力的车型。","国家体委副主任张发强、人民日报<mark>副总编辑</mark>李仁臣、著名经济学家于光远、国家体委宣传司司长何慧娴等20位嘉宾，就“如何推进体育产业发展”这一议题登台演讲。","陈思诚、佟丽娅主动公开恋情后，前不久在电影《北爱》的关机发布会上，陈思诚承诺一年内迎娶<mark>佟丽娅</mark>。","针对不同地区的地理状况和自然气候，宇通对客车做了个性化的设计，从这些<mark>宇通客车</mark>的不同之处上我们也发现了一个相同的地方，那就是系心于人，用心于车，关注细节，提供个性化服务的追求与理念。","热爱未成年人保护工作的<mark>北京市司法局</mark>局长助理杨艺文；为ＳＯＳ儿童村事业呕心沥血的天津市ＳＯＳ儿童村村长王振林；","英菲尼迪Q50 2.0T","副总编辑","佟丽娅","宇通客车","北京市司法局","[{""FineTypeA0"":""car classification"",""FineTypeA1"":""editor"",""FineTypeA3"":""car dealership"",""FineTypeA4"":""law enforcement officer"",""FineTypeB0"":""汽車種類"",""FineTypeB1"":""職業"",""FineTypeB3"":""公司"",""FineTypeB4"":""司法机构"",""NA0"":{""on"":false},""NA1"":{""on"":false},""NA2"":{""on"":true},""NA3"":{""on"":false},""NA4"":{""on"":false}}]"
"3HYV4299H099QC3U3RUQA8G2E9D8E6","3S3GY25K17OBMZ4A1VAM63J385YKZK","中文词语分类 (entity classification/typing)","标注语句中的词语所代表的实体 的种类","chinese, text, classification, entity, named entity, type, typing, mention, nlp, natural language processing, text mining","$0.10","Tue Oct 08 02:29:24 PDT 2019","4","BatchId:3793008;OriginalHitTemplateId:928390909;","3600","604800","Tue Oct 15 02:29:24 PDT 2019","","","3QFUFYSY9ZS309EIC1TK0YHJYFJ4F7","A3BHWNI7NMNI15","Submitted","Tue Oct 08 05:38:19 PDT 2019","Tue Oct 08 05:41:26 PDT 2019","Tue Oct 15 05:41:26 PDT 2019","","","","187","0% (0/0)","0% (0/0)","0% (0/0)","15377","1738","17094","17623","14362","<mark>英菲尼迪Q50 2.0T</mark>车型不仅拥有领先同级别其它车型的极佳加速表现，在燃油经济性上也表现优异，完美地实现了高性能和低油耗的最佳平衡，将助推英菲尼迪Q50成为同级别最具竞争力的车型。","国家体委副主任张发强、人民日报<mark>副总编辑</mark>李仁臣、著名经济学家于光远、国家体委宣传司司长何慧娴等20位嘉宾，就“如何推进体育产业发展”这一议题登台演讲。","陈思诚、佟丽娅主动公开恋情后，前不久在电影《北爱》的关机发布会上，陈思诚承诺一年内迎娶<mark>佟丽娅</mark>。","针对不同地区的地理状况和自然气候，宇通对客车做了个性化的设计，从这些<mark>宇通客车</mark>的不同之处上我们也发现了一个相同的地方，那就是系心于人，用心于车，关注细节，提供个性化服务的追求与理念。","热爱未成年人保护工作的<mark>北京市司法局</mark>局长助理杨艺文；为ＳＯＳ儿童村事业呕心沥血的天津市ＳＯＳ儿童村村长王振林；","英菲尼迪Q50 2.0T","副总编辑","佟丽娅","宇通客车","北京市司法局","[{""FineTypeA0"":""car"",""FineTypeA1"":""editor"",""FineTypeA3"":""automobile manufacturer"",""FineTypeA4"":""government agency"",""FineTypeB0"":""machine"",""FineTypeB1"":""writer"",""FineTypeB3"":""company"",""NA0"":{""on"":false},""NA1"":{""on"":false},""NA2"":{""on"":true},""NA3"":{""on"":false},""NA4"":{""on"":true}}]"
"3HYV4299H099QC3U3RUQA8G2E9D8E6","3S3GY25K17OBMZ4A1VAM63J385YKZK","中文词语分类 (entity classification/typing)","标注语句中的词语所代表的实体 的种类","chinese, text, classification, entity, named entity, type, typing, mention, nlp, natural language processing, text mining","$0.10","Tue Oct 08 02:29:24 PDT 2019","4","BatchId:3793008;OriginalHitTemplateId:928390909;","3600","604800","Tue Oct 15 02:29:24 PDT 2019","","","3RJSC4XJ117UZO3SNOT92J0TS9E05T","A24Y1NVEEY1ADM","Submitted","Tue Oct 08 08:26:06 PDT 2019","Tue Oct 08 08:29:45 PDT 2019","Tue Oct 15 08:29:45 PDT 2019","","","","219","0% (0/0)","0% (0/0)","0% (0/0)","15377","1738","17094","17623","14362","<mark>英菲尼迪Q50 2.0T</mark>车型不仅拥有领先同级别其它车型的极佳加速表现，在燃油经济性上也表现优异，完美地实现了高性能和低油耗的最佳平衡，将助推英菲尼迪Q50成为同级别最具竞争力的车型。","国家体委副主任张发强、人民日报<mark>副总编辑</mark>李仁臣、著名经济学家于光远、国家体委宣传司司长何慧娴等20位嘉宾，就“如何推进体育产业发展”这一议题登台演讲。","陈思诚、佟丽娅主动公开恋情后，前不久在电影《北爱》的关机发布会上，陈思诚承诺一年内迎娶<mark>佟丽娅</mark>。","针对不同地区的地理状况和自然气候，宇通对客车做了个性化的设计，从这些<mark>宇通客车</mark>的不同之处上我们也发现了一个相同的地方，那就是系心于人，用心于车，关注细节，提供个性化服务的追求与理念。","热爱未成年人保护工作的<mark>北京市司法局</mark>局长助理杨艺文；为ＳＯＳ儿童村事业呕心沥血的天津市ＳＯＳ儿童村村长王振林；","英菲尼迪Q50 2.0T","副总编辑","佟丽娅","宇通客车","北京市司法局","[{""FineTypeA0"":""car"",""FineTypeA1"":""position"",""FineTypeA2"":""person"",""FineTypeA3"":""car"",""FineTypeA4"":""government agency"",""FineTypeB0"":""model"",""FineTypeB1"":""publisher"",""FineTypeB2"":""person identifier"",""FineTypeB3"":""transport"",""FineTypeB4"":""law"",""NA0"":{""on"":false},""NA1"":{""on"":false},""NA2"":{""on"":false},""NA3"":{""on"":false},""NA4"":{""on"":false}}]"
"3N5YJ55YXGGR369MTOHNWMG6IPEAN1","3S3GY25K17OBMZ4A1VAM63J385YKZK","中文词语分类 (entity classification/typing)","标注语句中的词语所代表的实体 的种类","chinese, text, classification, entity, named entity, type, typing, mention, nlp, natural language processing, text mining","$0.10","Tue Oct 08 02:29:24 PDT 2019","4","BatchId:3793008;OriginalHitTemplateId:928390909;","3600","604800","Tue Oct 15 02:29:24 PDT 2019","","","3R2UR8A0IBTO4OFLVFEFK3NVJLTOXQ","AWUNZYCD5CZBE","Submitted","Wed Oct 09 13:51:20 PDT 2019","Wed Oct 09 13:53:47 PDT 2019","Wed Oct 16 13:53:47 PDT 2019","","","","147","0% (0/0)","0% (0/0)","0% (0/0)","18831","7684","16061","15397","8572","按照省委、省政府实施三年地质找矿行动计划的重大决策，<mark>云南省国土资源部</mark>门建立了找矿行动组织体系，制定了管理措施，建立了协调推进机制和监督检查制度。","<mark>我</mark>向你们并通过你们向辛勤工作在广播电视战线上的同志们致以亲切的问候!他希望广播电视战线的同志们坚持以邓小平理论为指导，全面贯彻落实党的十五大精神，更好地为全党全国工作大局服务。","”这是一位潜逃20多年的逃犯林某，近日从意大利回到国内，在<mark>上海浦东机场</mark>见到接机民警时说的一句话。","TechCrunch称，<mark>Chomp</mark>此前已获得250万美元资金援助，其天使投资人包括罗恩·康维(Ron Conway)等。","祖鲁目前正在马拉维边境附近的<mark>赞比亚</mark>Chadiza医院中接受治疗。","云南省国土资源部","我","上海浦东机场","Chomp","赞比亚","[{""FineTypeA0"":""institute"",""FineTypeA2"":""機場"",""FineTypeA3"":""科技公司"",""FineTypeA4"":""國家"",""FineTypeB0"":""公共機構"",""FineTypeB2"":""airport"",""FineTypeB3"":""company"",""FineTypeB4"":""country"",""NA0"":{""on"":false},""NA1"":{""on"":true},""NA2"":{""on"":false},""NA3"":{""on"":false},""NA4"":{""on"":false}}]"
"3N5YJ55YXGGR369MTOHNWMG6IPEAN1","3S3GY25K17OBMZ4A1VAM63J385YKZK","中文词语分类 (entity classification/typing)","标注语句中的词语所代表的实体 的种类","chinese, text, classification, entity, named entity, type, typing, mention, nlp, natural language processing, text mining","$0.10","Tue Oct 08 02:29:24 PDT 2019","4","BatchId:3793008;OriginalHitTemplateId:928390909;","3600","604800","Tue Oct 15 02:29:24 PDT 2019","","","3SKRO2GZ724XOW9DQU1FID2LUR31K6","A3BHWNI7NMNI15","Submitted","Tue Oct 08 06:53:26 PDT 2019","Tue Oct 08 06:57:39 PDT 2019","Tue Oct 15 06:57:39 PDT 2019","","","","253","0% (0/0)","0% (0/0)","0% (0/0)","18831","7684","16061","15397","8572","按照省委、省政府实施三年地质找矿行动计划的重大决策，<mark>云南省国土资源部</mark>门建立了找矿行动组织体系，制定了管理措施，建立了协调推进机制和监督检查制度。","<mark>我</mark>向你们并通过你们向辛勤工作在广播电视战线上的同志们致以亲切的问候!他希望广播电视战线的同志们坚持以邓小平理论为指导，全面贯彻落实党的十五大精神，更好地为全党全国工作大局服务。","”这是一位潜逃20多年的逃犯林某，近日从意大利回到国内，在<mark>上海浦东机场</mark>见到接机民警时说的一句话。","TechCrunch称，<mark>Chomp</mark>此前已获得250万美元资金援助，其天使投资人包括罗恩·康维(Ron Conway)等。","祖鲁目前正在马拉维边境附近的<mark>赞比亚</mark>Chadiza医院中接受治疗。","云南省国土资源部","我","上海浦东机场","Chomp","赞比亚","[{""FineTypeA0"":""government agency"",""FineTypeA2"":""airport"",""FineTypeA4"":""city or town"",""FineTypeB0"":""organization"",""FineTypeB2"":""transport hub"",""FineTypeB4"":""location"",""NA0"":{""on"":false},""NA1"":{""on"":true},""NA2"":{""on"":false},""NA3"":{""on"":true},""NA4"":{""on"":false}}]"
"3N5YJ55YXGGR369MTOHNWMG6IPEAN1","3S3GY25K17OBMZ4A1VAM63J385YKZK","中文词语分类 (entity classification/typing)","标注语句中的词语所代表的实体 的种类","chinese, text, classification, entity, named entity, type, typing, mention, nlp, natural language processing, text mining","$0.10","Tue Oct 08 02:29:24 PDT 2019","4","BatchId:3793008;OriginalHitTemplateId:928390909;","3600","604800","Tue Oct 15 02:29:24 PDT 2019","","","3YGXWBAF71UWXXU8LZ3JSSWG12IC4V","A24Y1NVEEY1ADM","Submitted","Tue Oct 08 08:40:24 PDT 2019","Tue Oct 08 08:42:51 PDT 2019","Tue Oct 15 08:42:51 PDT 2019","","","","147","0% (0/0)","0% (0/0)","0% (0/0)","18831","7684","16061","15397","8572","按照省委、省政府实施三年地质找矿行动计划的重大决策，<mark>云南省国土资源部</mark>门建立了找矿行动组织体系，制定了管理措施，建立了协调推进机制和监督检查制度。","<mark>我</mark>向你们并通过你们向辛勤工作在广播电视战线上的同志们致以亲切的问候!他希望广播电视战线的同志们坚持以邓小平理论为指导，全面贯彻落实党的十五大精神，更好地为全党全国工作大局服务。","”这是一位潜逃20多年的逃犯林某，近日从意大利回到国内，在<mark>上海浦东机场</mark>见到接机民警时说的一句话。","TechCrunch称，<mark>Chomp</mark>此前已获得250万美元资金援助，其天使投资人包括罗恩·康维(Ron Conway)等。","祖鲁目前正在马拉维边境附近的<mark>赞比亚</mark>Chadiza医院中接受治疗。","云南省国土资源部","我","上海浦东机场","Chomp","赞比亚","[{""FineTypeA0"":""government agency"",""FineTypeA1"":""person"",""FineTypeA2"":""transport hub"",""FineTypeA3"":""company"",""FineTypeA4"":""location"",""FineTypeB0"":""land"",""FineTypeB1"":""person identifier"",""FineTypeB2"":""location"",""FineTypeB3"":""startup company"",""FineTypeB4"":""country"",""NA0"":{""on"":false},""NA1"":{""on"":false},""NA2"":{""on"":false},""NA3"":{""on"":false},""NA4"":{""on"":false}}]"
"3PUV2Q8SV4HN04N1A83GVSOIM3XDBH","3S3GY25K17OBMZ4A1VAM63J385YKZK","中文词语分类 (entity classification/typing)","标注语句中的词语所代表的实体 的种类","chinese, text, classification, entity, named entity, type, typing, mention, nlp, natural language processing, text mining","$0.10","Tue Oct 08 02:29:24 PDT 2019","4","BatchId:3793008;OriginalHitTemplateId:928390909;","3600","604800","Tue Oct 15 02:29:24 PDT 2019","","","36PW28KO409QWKU3QRJ5VJIJES3EAL","A245MBNLYBTMHB","Submitted","Tue Oct 08 17:30:13 PDT 2019","Tue Oct 08 17:32:07 PDT 2019","Tue Oct 15 17:32:07 PDT 2019","","","","114","0% (0/0)","0% (0/0)","0% (0/0)","12920","9749","2952","12845","13855","<mark>天津市</mark>干部群众参加义务劳动，正是这种精神的集中体现。","本报北京十一月七日讯新华社记者汪金福、本报记者曾坤报道：中共中央政治局常委、全国政协主席李瑞环今天在会见出席<mark>中国光彩事业促进会</mark>一届二次理事会议代表时，希望更多的非公有制经济人士投身到光彩事业中去，动真情、献爱心、做贡献。","薄一波说:“这次调动是总理向主席提出的，主席同意你去<mark>地质部</mark>，说你有那么一股劲。","５．６月６日，孟加拉国、印度、斯里兰卡、泰国四国签署宣言，宣布成立<mark>孟</mark>、印、斯、泰经济合作组织。","人民日报出版社新近出版了<mark>王梦奎</mark>的短文集《翠微居杂笔》。","天津市","中国光彩事业促进会","地质部","孟","王梦奎","[{""FineTypeA0"":""city"",""FineTypeA1"":""club"",""FineTypeA2"":""geographical center"",""FineTypeA3"":""country"",""FineTypeA4"":""author"",""FineTypeB0"":""region"",""FineTypeB1"":""national"",""FineTypeB2"":""government"",""FineTypeB3"":""nation"",""FineTypeB4"":""person"",""NA0"":{""on"":false},""NA1"":{""on"":false},""NA2"":{""on"":false},""NA3"":{""on"":false},""NA4"":{""on"":false}}]"
"3PUV2Q8SV4HN04N1A83GVSOIM3XDBH","3S3GY25K17OBMZ4A1VAM63J385YKZK","中文词语分类 (entity classification/typing)","标注语句中的词语所代表的实体 的种类","chinese, text, classification, entity, named entity, type, typing, mention, nlp, natural language processing, text mining","$0.10","Tue Oct 08 02:29:24 PDT 2019","4","BatchId:3793008;OriginalHitTemplateId:928390909;","3600","604800","Tue Oct 15 02:29:24 PDT 2019","","","3E4GGUZ1T944DHR99Y1TNWCQMXQ2KX","A24Y1NVEEY1ADM","Submitted","Tue Oct 08 08:04:12 PDT 2019","Tue Oct 08 08:06:17 PDT 2019","Tue Oct 15 08:06:17 PDT 2019","","","","125","0% (0/0)","0% (0/0)","0% (0/0)","12920","9749","2952","12845","13855","<mark>天津市</mark>干部群众参加义务劳动，正是这种精神的集中体现。","本报北京十一月七日讯新华社记者汪金福、本报记者曾坤报道：中共中央政治局常委、全国政协主席李瑞环今天在会见出席<mark>中国光彩事业促进会</mark>一届二次理事会议代表时，希望更多的非公有制经济人士投身到光彩事业中去，动真情、献爱心、做贡献。","薄一波说:“这次调动是总理向主席提出的，主席同意你去<mark>地质部</mark>，说你有那么一股劲。","５．６月６日，孟加拉国、印度、斯里兰卡、泰国四国签署宣言，宣布成立<mark>孟</mark>、印、斯、泰经济合作组织。","人民日报出版社新近出版了<mark>王梦奎</mark>的短文集《翠微居杂笔》。","天津市","中国光彩事业促进会","地质部","孟","王梦奎","[{""FineTypeA0"":""location"",""FineTypeA1"":""government agency"",""FineTypeA2"":""government agency"",""FineTypeA3"":""location"",""FineTypeA4"":""person"",""FineTypeB0"":""city"",""FineTypeB1"":""charity"",""FineTypeB2"":""geographer"",""FineTypeB3"":""country"",""FineTypeB4"":""identification"",""NA0"":{""on"":false},""NA1"":{""on"":false},""NA2"":{""on"":false},""NA3"":{""on"":false},""NA4"":{""on"":false}}]"
"3PUV2Q8SV4HN04N1A83GVSOIM3XDBH","3S3GY25K17OBMZ4A1VAM63J385YKZK","中文词语分类 (entity classification/typing)","标注语句中的词语所代表的实体 的种类","chinese, text, classification, entity, named entity, type, typing, mention, nlp, natural language processing, text mining","$0.10","Tue Oct 08 02:29:24 PDT 2019","4","BatchId:3793008;OriginalHitTemplateId:928390909;","3600","604800","Tue Oct 15 02:29:24 PDT 2019","","","3VSOLARPKCM9H34191O9GX32HHB93I","A3BHWNI7NMNI15","Submitted","Tue Oct 08 07:40:28 PDT 2019","Tue Oct 08 07:46:25 PDT 2019","Tue Oct 15 07:46:25 PDT 2019","","","","357","0% (0/0)","0% (0/0)","0% (0/0)","12920","9749","2952","12845","13855","<mark>天津市</mark>干部群众参加义务劳动，正是这种精神的集中体现。","本报北京十一月七日讯新华社记者汪金福、本报记者曾坤报道：中共中央政治局常委、全国政协主席李瑞环今天在会见出席<mark>中国光彩事业促进会</mark>一届二次理事会议代表时，希望更多的非公有制经济人士投身到光彩事业中去，动真情、献爱心、做贡献。","薄一波说:“这次调动是总理向主席提出的，主席同意你去<mark>地质部</mark>，说你有那么一股劲。","５．６月６日，孟加拉国、印度、斯里兰卡、泰国四国签署宣言，宣布成立<mark>孟</mark>、印、斯、泰经济合作组织。","人民日报出版社新近出版了<mark>王梦奎</mark>的短文集《翠微居杂笔》。","天津市","中国光彩事业促进会","地质部","孟","王梦奎","[{""FineTypeA0"":""location"",""FineTypeA1"":""organization"",""FineTypeA2"":""government agency"",""FineTypeA3"":""nation"",""FineTypeA4"":""person"",""FineTypeB0"":""city"",""FineTypeB1"":""social group"",""FineTypeB2"":""organization"",""FineTypeB3"":""location"",""FineTypeB4"":""writer"",""NA0"":{""on"":false},""NA1"":{""on"":false},""NA2"":{""on"":false},""NA3"":{""on"":false},""NA4"":{""on"":false}}]"
"3PUV2Q8SV4HN04N1A83GVSOIM3XDBH","3S3GY25K17OBMZ4A1VAM63J385YKZK","中文词语分类 (entity classification/typing)","标注语句中的词语所代表的实体 的种类","chinese, text, classification, entity, named entity, type, typing, mention, nlp, natural language processing, text mining","$0.10","Tue Oct 08 02:29:24 PDT 2019","4","BatchId:3793008;OriginalHitTemplateId:928390909;","3600","604800","Tue Oct 15 02:29:24 PDT 2019","","","3YT88D1N09BTYZNSDYFY66HISIHK3V","A1PNDILZWOX425","Submitted","Wed Oct 09 06:37:50 PDT 2019","Wed Oct 09 06:44:28 PDT 2019","Wed Oct 16 06:44:28 PDT 2019","","","","398","0% (0/0)","0% (0/0)","0% (0/0)","12920","9749","2952","12845","13855","<mark>天津市</mark>干部群众参加义务劳动，正是这种精神的集中体现。","本报北京十一月七日讯新华社记者汪金福、本报记者曾坤报道：中共中央政治局常委、全国政协主席李瑞环今天在会见出席<mark>中国光彩事业促进会</mark>一届二次理事会议代表时，希望更多的非公有制经济人士投身到光彩事业中去，动真情、献爱心、做贡献。","薄一波说:“这次调动是总理向主席提出的，主席同意你去<mark>地质部</mark>，说你有那么一股劲。","５．６月６日，孟加拉国、印度、斯里兰卡、泰国四国签署宣言，宣布成立<mark>孟</mark>、印、斯、泰经济合作组织。","人民日报出版社新近出版了<mark>王梦奎</mark>的短文集《翠微居杂笔》。","天津市","中国光彩事业促进会","地质部","孟","王梦奎","[{""FineTypeA0"":""自治区"",""FineTypeA1"":""机构"",""FineTypeA2"":""部门"",""FineTypeA3"":""国家"",""FineTypeA4"":""人物"",""FineTypeB0"":""城市"",""FineTypeB1"":""组织"",""FineTypeB2"":""单位"",""FineTypeB3"":""组织"",""FineTypeB4"":""作家"",""NA0"":{""on"":false},""NA1"":{""on"":false},""NA2"":{""on"":false},""NA3"":{""on"":false},""NA4"":{""on"":false}}]"
"3W9XHF7WGK8VAWNS2BGOZZPUCJUKTR","3S3GY25K17OBMZ4A1VAM63J385YKZK","中文词语分类 (entity classification/typing)","标注语句中的词语所代表的实体 的种类","chinese, text, classification, entity, named entity, type, typing, mention, nlp, natural language processing, text mining","$0.10","Tue Oct 08 02:29:24 PDT 2019","4","BatchId:3793008;OriginalHitTemplateId:928390909;","3600","604800","Tue Oct 15 02:29:24 PDT 2019","","","386CSBG1O0ZE6L8595XT9V5B1F7Q6V","A3O3OESV7NXICB","Submitted","Wed Oct 09 06:08:07 PDT 2019","Wed Oct 09 06:17:27 PDT 2019","Wed Oct 16 06:17:27 PDT 2019","","","","560","0% (0/0)","0% (0/0)","0% (0/0)","3733","16264","8528","8636","17890","一次，妻子来信告诉他将要临产，可自己还得照顾<mark>自己</mark>的生活，有次上街买菜，摔倒在小巷里，怎么也爬不起来。","随后中队官兵在工地人员带领下来到二楼平台，抢险救援班两名战士在班长陈虎的协助下，沿着检修的缆绳爬上帆状弧形建筑顶部，随后扔下大绳，系住在脚手架上，翻过脚手架，另一头系住袁女士腰部做好防护，随后两名战士拉住大绳，一名战士托住<mark>袁女士</mark>，一手抓住缆绳一手拉着保护绳沿着原路慢慢往下挪，十分钟后，消防官兵成功救下袁女士。","丫头哒哒夢想家<mark>林志穎</mark>歲的","<mark>新浪</mark>微博四周年丫头哒哒你非带我认识新浪微博，夏至不再来你帮我弄好的新浪微博，徐爱强你是我最早认识的微友哈哈哈哈我在","在受资助的学子中，有不少是连续多年受到“金秋助学”的帮助，即将在<mark>浙江科技学院</mark>念大三的季晓旭就是其中的一位。","自己","袁女士","林志穎","新浪","浙江科技学院","[{""FineTypeA0"":""人"",""FineTypeA1"":""人"",""FineTypeA2"":""人"",""FineTypeA3"":""organisation"",""FineTypeA4"":""school"",""FineTypeB0"":""husband"",""FineTypeB1"":""lady"",""FineTypeB2"":""singer"",""FineTypeB3"":""company"",""FineTypeB4"":""university college"",""NA0"":{""on"":false},""NA1"":{""on"":false},""NA2"":{""on"":false},""NA3"":{""on"":false},""NA4"":{""on"":false}}]"
"3W9XHF7WGK8VAWNS2BGOZZPUCJUKTR","3S3GY25K17OBMZ4A1VAM63J385YKZK","中文词语分类 (entity classification/typing)","标注语句中的词语所代表的实体 的种类","chinese, text, classification, entity, named entity, type, typing, mention, nlp, natural language processing, text mining","$0.10","Tue Oct 08 02:29:24 PDT 2019","4","BatchId:3793008;OriginalHitTemplateId:928390909;","3600","604800","Tue Oct 15 02:29:24 PDT 2019","","","3DY4FPOOA21ZXC26NSU1QDVFENEVRS","A24Y1NVEEY1ADM","Submitted","Tue Oct 08 08:17:17 PDT 2019","Tue Oct 08 08:19:17 PDT 2019","Tue Oct 15 08:19:17 PDT 2019","","","","120","0% (0/0)","0% (0/0)","0% (0/0)","3733","16264","8528","8636","17890","一次，妻子来信告诉他将要临产，可自己还得照顾<mark>自己</mark>的生活，有次上街买菜，摔倒在小巷里，怎么也爬不起来。","随后中队官兵在工地人员带领下来到二楼平台，抢险救援班两名战士在班长陈虎的协助下，沿着检修的缆绳爬上帆状弧形建筑顶部，随后扔下大绳，系住在脚手架上，翻过脚手架，另一头系住袁女士腰部做好防护，随后两名战士拉住大绳，一名战士托住<mark>袁女士</mark>，一手抓住缆绳一手拉着保护绳沿着原路慢慢往下挪，十分钟后，消防官兵成功救下袁女士。","丫头哒哒夢想家<mark>林志穎</mark>歲的","<mark>新浪</mark>微博四周年丫头哒哒你非带我认识新浪微博，夏至不再来你帮我弄好的新浪微博，徐爱强你是我最早认识的微友哈哈哈哈我在","在受资助的学子中，有不少是连续多年受到“金秋助学”的帮助，即将在<mark>浙江科技学院</mark>念大三的季晓旭就是其中的一位。","自己","袁女士","林志穎","新浪","浙江科技学院","[{""FineTypeA0"":""person"",""FineTypeA1"":""person"",""FineTypeA2"":""person"",""FineTypeA3"":""company"",""FineTypeA4"":""college"",""FineTypeB0"":""owner"",""FineTypeB1"":""person identifier"",""FineTypeB2"":""person identifier"",""FineTypeB3"":""web browser"",""FineTypeB4"":""technician"",""NA0"":{""on"":false},""NA1"":{""on"":false},""NA2"":{""on"":false},""NA3"":{""on"":false},""NA4"":{""on"":false}}]"
"3W9XHF7WGK8VAWNS2BGOZZPUCJUKTR","3S3GY25K17OBMZ4A1VAM63J385YKZK","中文词语分类 (entity classification/typing)","标注语句中的词语所代表的实体 的种类","chinese, text, classification, entity, named entity, type, typing, mention, nlp, natural language processing, text mining","$0.10","Tue Oct 08 02:29:24 PDT 2019","4","BatchId:3793008;OriginalHitTemplateId:928390909;","3600","604800","Tue Oct 15 02:29:24 PDT 2019","","","3OS46CRSLGC6BT4MV4R3FI4JIASV66","AWUNZYCD5CZBE","Submitted","Wed Oct 09 13:54:54 PDT 2019","Wed Oct 09 13:56:33 PDT 2019","Wed Oct 16 13:56:33 PDT 2019","","","","99","0% (0/0)","0% (0/0)","0% (0/0)","3733","16264","8528","8636","17890","一次，妻子来信告诉他将要临产，可自己还得照顾<mark>自己</mark>的生活，有次上街买菜，摔倒在小巷里，怎么也爬不起来。","随后中队官兵在工地人员带领下来到二楼平台，抢险救援班两名战士在班长陈虎的协助下，沿着检修的缆绳爬上帆状弧形建筑顶部，随后扔下大绳，系住在脚手架上，翻过脚手架，另一头系住袁女士腰部做好防护，随后两名战士拉住大绳，一名战士托住<mark>袁女士</mark>，一手抓住缆绳一手拉着保护绳沿着原路慢慢往下挪，十分钟后，消防官兵成功救下袁女士。","丫头哒哒夢想家<mark>林志穎</mark>歲的","<mark>新浪</mark>微博四周年丫头哒哒你非带我认识新浪微博，夏至不再来你帮我弄好的新浪微博，徐爱强你是我最早认识的微友哈哈哈哈我在","在受资助的学子中，有不少是连续多年受到“金秋助学”的帮助，即将在<mark>浙江科技学院</mark>念大三的季晓旭就是其中的一位。","自己","袁女士","林志穎","新浪","浙江科技学院","[{""FineTypeA2"":""actor"",""FineTypeA3"":""technology company"",""FineTypeA4"":""academy"",""FineTypeB2"":""演員"",""FineTypeB3"":""公司"",""FineTypeB4"":""學術機構"",""NA0"":{""on"":true},""NA1"":{""on"":true},""NA2"":{""on"":false},""NA3"":{""on"":false},""NA4"":{""on"":false}}]"
"3W9XHF7WGK8VAWNS2BGOZZPUCJUKTR","3S3GY25K17OBMZ4A1VAM63J385YKZK","中文词语分类 (entity classification/typing)","标注语句中的词语所代表的实体 的种类","chinese, text, classification, entity, named entity, type, typing, mention, nlp, natural language processing, text mining","$0.10","Tue Oct 08 02:29:24 PDT 2019","4","BatchId:3793008;OriginalHitTemplateId:928390909;","3600","604800","Tue Oct 15 02:29:24 PDT 2019","","","3RXPCZQMQQOSMADU03G0KLASNAI1GZ","A3BHWNI7NMNI15","Submitted","Tue Oct 08 06:23:25 PDT 2019","Tue Oct 08 06:26:47 PDT 2019","Tue Oct 15 06:26:47 PDT 2019","","","","202","0% (0/0)","0% (0/0)","0% (0/0)","3733","16264","8528","8636","17890","一次，妻子来信告诉他将要临产，可自己还得照顾<mark>自己</mark>的生活，有次上街买菜，摔倒在小巷里，怎么也爬不起来。","随后中队官兵在工地人员带领下来到二楼平台，抢险救援班两名战士在班长陈虎的协助下，沿着检修的缆绳爬上帆状弧形建筑顶部，随后扔下大绳，系住在脚手架上，翻过脚手架，另一头系住袁女士腰部做好防护，随后两名战士拉住大绳，一名战士托住<mark>袁女士</mark>，一手抓住缆绳一手拉着保护绳沿着原路慢慢往下挪，十分钟后，消防官兵成功救下袁女士。","丫头哒哒夢想家<mark>林志穎</mark>歲的","<mark>新浪</mark>微博四周年丫头哒哒你非带我认识新浪微博，夏至不再来你帮我弄好的新浪微博，徐爱强你是我最早认识的微友哈哈哈哈我在","在受资助的学子中，有不少是连续多年受到“金秋助学”的帮助，即将在<mark>浙江科技学院</mark>念大三的季晓旭就是其中的一位。","自己","袁女士","林志穎","新浪","浙江科技学院","[{""FineTypeA1"":""person"",""FineTypeA2"":""star"",""FineTypeA3"":""website"",""FineTypeA4"":""educational institution"",""FineTypeB2"":""singer"",""FineTypeB3"":""web portal"",""FineTypeB4"":""college"",""NA0"":{""on"":true},""NA1"":{""on"":true},""NA2"":{""on"":false},""NA3"":{""on"":false},""NA4"":{""on"":false}}]"